name,EOS,A(km),omega_0(rad/s),beta1_IC_b,tbounce_s,ndata
A10000w0.50_BHBLP,SFHo_ecapture_1.0,634.0,0.5,0.00074856878887,0.176937808905,14987
A10000w0.50_GShenFSU1.7,SFHo_ecapture_1.0,634.0,1.0,0.00298743815351,0.17759667897,18547
A10000w0.50_GShenFSU2.1,SFHo_ecapture_1.0,634.0,1.5,0.00666050631606,0.178722049631,18544
A10000w0.50_GShenNL3,SFHo_ecapture_1.0,634.0,2.0,0.0117343822851,0.180332435348,19739
A10000w0.50_HSDD2,SFHo_ecapture_1.0,634.0,2.5,0.0179653659435,0.182433986514,14992
A10000w0.50_HSFSG,SFHo_ecapture_1.0,634.0,3.0,0.0257466808232,0.18510437043900002,14991
A10000w0.50_HSIUF,SFHo_ecapture_1.0,634.0,3.5,0.0343339770385,0.188370393974,14991
A10000w0.50_HSNL3,SFHo_ecapture_1.0,634.0,4.0,0.0444717493824,0.192335031682,14991
A10000w0.50_HSTM1,SFHo_ecapture_1.0,634.0,4.5,0.0549006071874,0.197072006246,14987
A10000w0.50_HSTMA,SFHo_ecapture_1.0,634.0,5.0,0.0666151697899,0.202756684187,14991
A10000w0.50_HShen,SFHo_ecapture_1.0,634.0,5.5,0.07990173379,0.20955169968499998,13197
A10000w0.50_HShenH,SFHo_ecapture_1.0,634.0,6.0,0.0926050177176,0.21770303323300003,13188
A10000w0.50_LS180,SFHo_ecapture_1.0,634.0,6.5,0.106193730512,0.227553105556,15588
A10000w0.50_LS220,SFHo_ecapture_1.0,634.0,7.0,0.120124420174,0.23962870742,15488
A10000w0.50_LS375,SFHo_ecapture_1.0,634.0,7.5,0.134100819588,0.254622057278,15178
A10000w0.50_SFHo,SFHo_ecapture_1.0,634.0,8.0,0.145841952544,0.27370358361799996,14989
A10000w0.50_SFHx,SFHo_ecapture_1.0,634.0,8.5,0.158905624234,0.298736715954,14986
A10000w1.00_BHBL,SFHo_ecapture_1.0,634.0,9.0,0.170284777847,0.332813506304,15106
A10000w1.00_BHBLP,SFHo_ecapture_1.0,634.0,9.5,0.183087763321,0.38173098984,15104
A10000w1.00_GShenFSU2.1,SFHo_ecapture_10.0,634.0,0.5,0.00077101386215,0.165086102466,18801
A10000w1.00_GShenNL3,SFHo_ecapture_10.0,634.0,1.0,0.00305079160334,0.16566533302900002,19915
A10000w1.00_HSDD2,SFHo_ecapture_10.0,634.0,1.5,0.00675519400841,0.166653123712,15110
A10000w1.00_HSFSG,SFHo_ecapture_10.0,634.0,2.0,0.0118949405418,0.168077360129,15109
A10000w1.00_HSIUF,SFHo_ecapture_10.0,634.0,2.5,0.0182217883593,0.169928284716,15109
A10000w1.00_HSNL3,SFHo_ecapture_10.0,634.0,3.0,0.0260230754069,0.17227662772400001,15109
A10000w1.00_HSTM1,SFHo_ecapture_10.0,634.0,3.5,0.0344244474273,0.17514280990699999,15109
A10000w1.00_HSTMA,SFHo_ecapture_10.0,634.0,4.0,0.0444677168535,0.178620520675,15113
A10000w1.00_HShen,SFHo_ecapture_10.0,634.0,4.5,0.0545889102396,0.182757913626,13265
A10000w1.00_HShenH,SFHo_ecapture_10.0,634.0,5.0,0.0658831589014,0.187715941783,13257
A10000w1.00_LS180,SFHo_ecapture_10.0,634.0,5.5,0.078031613582,0.19361031972099998,15728
A10000w1.00_LS220,SFHo_ecapture_10.0,634.0,6.0,0.0905882687186,0.200648234796,15629
A10000w1.00_LS375,SFHo_ecapture_10.0,634.0,6.5,0.103876753542,0.20911955901100002,15499
A10000w1.00_SFHo,SFHo_ecapture_10.0,634.0,7.0,0.116773455586,0.21941410654500001,15110
A10000w1.00_SFHx,SFHo_ecapture_10.0,634.0,7.5,0.12941435311,0.232111300267,15106
A10000w1.50_BHBL,SFHo_ecapture_10.0,634.0,8.0,0.141735502981,0.248202570198,15307
A10000w1.50_BHBLP,SFHo_ecapture_10.0,634.0,8.5,0.152665837219,0.269214483991,15313
A10000w1.50_GShenFSU1.7,SFHo_ecapture_10.0,634.0,9.0,0.161968118054,0.297801309018,19338
A10000w1.50_GShenFSU2.1,SFHo_ecapture_10.0,634.0,9.5,0.176137631173,0.338868517315,19277
A10000w1.50_HSDD2,SFHo_ecapture_0.1,634.0,0.5,0.000774712927889,0.181146529468,15315
A10000w1.50_HSFSG,SFHo_ecapture_0.1,634.0,1.0,0.00318414132627,0.18185668603799998,15315
A10000w1.50_HSIUF,SFHo_ecapture_0.1,634.0,1.5,0.00700644664893,0.183025220753,15314
A10000w1.50_HSNL3,SFHo_ecapture_0.1,634.0,2.0,0.0121466841262,0.18468881350000002,15312
A10000w1.50_HSTM1,SFHo_ecapture_0.1,634.0,2.5,0.0193028476071,0.18690466578499998,15311
A10000w1.50_HSTMA,SFHo_ecapture_0.1,634.0,3.0,0.0270489624983,0.189671644189,15315
A10000w1.50_HShen,SFHo_ecapture_0.1,634.0,3.5,0.0368317973109,0.19309876993699998,13384
A10000w1.50_HShenH,SFHo_ecapture_0.1,634.0,4.0,0.0490723577875,0.197261500655,13375
A10000w1.50_LS180,SFHo_ecapture_0.1,634.0,4.5,0.0596406296019,0.202208959902,15978
A10000w1.50_LS220,SFHo_ecapture_0.1,634.0,5.0,0.0727482863223,0.208168420345,15874
A10000w1.50_LS375,SFHo_ecapture_0.1,634.0,5.5,0.0864477941311,0.21529478174900002,15732
A10000w1.50_SFHo,SFHo_ecapture_0.1,634.0,6.0,0.100470495817,0.223870163222,15315
A10000w1.50_SFHx,SFHo_ecapture_0.1,634.0,6.5,0.11339557586,0.234238581004,15311
A10000w2.00_BHBL,SFHo_ecapture_0.1,634.0,7.0,0.128348680584,0.246988768238,15620
A10000w2.00_BHBLP,SFHo_ecapture_0.1,634.0,7.5,0.144227280265,0.26289059815399995,15620
A10000w2.00_GShenFSU1.7,SFHo_ecapture_0.1,634.0,8.0,0.158130208239,0.283114519938,20170
A10000w2.00_GShenFSU2.1,SFHo_ecapture_0.1,634.0,8.5,0.171561056353,0.309720731503,19984
A10000w2.00_GShenNL3,SFHo_ecapture_0.1,634.0,9.0,0.186440721747,0.345959819477,21939
A10000w2.00_HSDD2,SFHo_ecapture_0.1,634.0,9.5,0.19269552118,0.39791542438,15623
A10000w2.00_HSFSG,SFHo,300.0,0.5,0.000383031460387,0.174414304057,15629
A10000w2.00_HSIUF,SFHo,300.0,1.0,0.00153029214818,0.174607653054,15624
A10000w2.00_HSNL3,SFHo,300.0,1.5,0.0034298686283,0.17493084281000001,15621
A10000w2.00_HSTM1,SFHo,300.0,2.0,0.00604447808074,0.175377668171,15622
A10000w2.00_HSTMA,SFHo,300.0,2.5,0.00933661728821,0.175960531932,15623
A10000w2.00_HShen,SFHo,300.0,3.0,0.0132632917884,0.176672293368,13553
A10000w2.00_HShenH,SFHo,300.0,3.5,0.017865594807,0.17752442233299998,13545
A10000w2.00_LS180,SFHo,300.0,4.0,0.0233092194697,0.178537665372,16373
A10000w2.00_LS220,SFHo,300.0,4.5,0.0290484688503,0.179669398478,16253
A10000w2.00_LS375,SFHo,300.0,5.0,0.0352703075561,0.180956577909,16102
A10000w2.00_SFHo,SFHo,300.0,5.5,0.0420936158562,0.182405679662,15624
A10000w2.00_SFHx,SFHo,300.0,6.0,0.0499822469976,0.184032258071,15621
A10000w2.50_BHBL,SFHo,300.0,6.5,0.0574267150502,0.18580803582,16054
A10000w2.50_BHBLP,SFHo,300.0,7.0,0.0652885880075,0.18777905984399998,16054
A10000w2.50_GShenFSU1.7,SFHo,300.0,7.5,0.0745271882649,0.189960611034,21485
A10000w2.50_GShenFSU2.1,SFHo,300.0,8.0,0.0830295414191,0.19233147095,21484
A10000w2.50_GShenNL3,SFHo,300.0,8.5,0.0930777588845,0.19495723816,23919
A10000w2.50_HSDD2,SFHo,300.0,9.0,0.102105835854,0.19778772224100002,16065
A10000w2.50_HSFSG,SFHo,300.0,9.5,0.112664862557,0.20089988664699998,16065
A10000w2.50_HSIUF,SFHo,300.0,10.0,0.12184528716,0.204278207718,16063
A10000w2.50_HSNL3,SFHo,300.0,10.5,0.132386230137,0.207985404383,16060
A10000w2.50_HSTM1,SFHo,300.0,11.0,0.142079529683,0.212018546077,16047
A10000w2.50_HSTMA,SFHo,300.0,11.5,0.152543210449,0.216428248154,16067
A10000w2.50_HShen,SFHo,300.0,12.0,0.16256665358,0.22123926099,13787
A10000w2.50_HShenH,SFHo,300.0,12.5,0.172128837656,0.226524865926,13774
A10000w2.50_LS180,SFHo,300.0,13.0,0.181063454854,0.232331873924,16933
A10000w2.50_LS220,SFHo,300.0,13.5,0.189318932301,0.238722614941,16802
A10000w2.50_LS375,SFHo,300.0,14.0,0.196966897506,0.245782196752,16629
A10000w2.50_SFHo,SFHo,300.0,14.5,0.201482678774,0.25356362172499997,16061
A10000w2.50_SFHx,SFHo,300.0,15.0,0.203367808961,0.262173931135,16056
A10000w3.00_BHBL,SFHo,300.0,15.5,0.210273745719,0.271853653588,16668
A10000w3.00_BHBLP,SFHo,467.0,0.5,0.000659974784067,0.174492272128,16670
A10000w3.00_GShenFSU1.7,SFHo,467.0,1.0,0.00264131227287,0.17491681498400002,23762
A10000w3.00_GShenFSU2.1,SFHo,467.0,1.5,0.00587671677519,0.17562336867199999,23762
A10000w3.00_GShenNL3,SFHo,467.0,2.0,0.0102574707457,0.17662117442,27818
A10000w3.00_HSDD2,SFHo,467.0,2.5,0.0157821518669,0.177925634032,16678
A10000w3.00_HSFSG,SFHo,467.0,3.0,0.0227640156853,0.179563651645,16674
A10000w3.00_HSIUF,SFHo,467.0,3.5,0.0303013923836,0.181523853686,16675
A10000w3.00_HSNL3,SFHo,467.0,4.0,0.0396618459801,0.183872806886,16674
A10000w3.00_HSTM1,SFHo,467.0,4.5,0.0487923213618,0.186582772622,16647
A10000w3.00_HSTMA,SFHo,467.0,5.0,0.0599209506971,0.189755734279,16601
A10000w3.00_HShen,SFHo,467.0,5.5,0.0706114500955,0.193391631501,14093
A10000w3.00_HShenH,SFHo,467.0,6.0,0.0825193753376,0.197592273875,14083
A10000w3.00_LS180,SFHo,467.0,6.5,0.095543096587,0.202405872639,17763
A10000w3.00_LS220,SFHo,467.0,7.0,0.109111021717,0.207921534979,17596
A10000w3.00_LS375,SFHo,467.0,7.5,0.122378109768,0.214258827661,17399
A10000w3.00_SFHo,SFHo,467.0,8.0,0.136141518362,0.22158421257500002,16676
A10000w3.00_SFHx,SFHo,467.0,8.5,0.148992463208,0.230100971435,16668
A10000w3.50_BHBL,SFHo,467.0,9.0,0.162849586626,0.24005676587799998,17536
A10000w3.50_BHBLP,SFHo,467.0,9.5,0.175257734257,0.251822970871,17535
A10000w3.50_GShenFSU1.7,SFHo,467.0,10.0,0.185527321847,0.265874297963,28770
A10000w3.50_GShenFSU2.1,SFHo,467.0,10.5,0.195285608793,0.2829088096,28631
A10000w3.50_GShenNL3,SFHo,467.0,11.0,0.20398362624,0.303887037035,41945
A10000w3.50_HSDD2,SFHo,467.0,11.5,0.209042509359,0.32991654695800005,17548
A10000w3.50_HSIUF,SFHo,634.0,0.5,0.000834853171472,0.17456701964000002,17421
A10000w3.50_HSNL3,SFHo,634.0,1.0,0.00333872071098,0.175216757747,17545
A10000w3.50_HSTM1,SFHo,634.0,1.5,0.00737770841063,0.17630729960900002,17346
A10000w3.50_HSTMA,SFHo,634.0,2.0,0.0128478925726,0.1778631277,17312
A10000w3.50_HShen,SFHo,634.0,2.5,0.0201326934909,0.179927326325,14500
A10000w3.50_HShenH,SFHo,634.0,3.0,0.02827325069,0.182506116227,14488
A10000w3.50_LS180,SFHo,634.0,3.5,0.0383173999268,0.185701905654,19025
A10000w3.50_LS220,SFHo,634.0,4.0,0.0486040054237,0.18953605016800001,18809
A10000w3.50_LS375,SFHo,634.0,4.5,0.060729885588,0.194155408642,18554
A10000w3.50_SFHo,SFHo,634.0,5.0,0.0741708742933,0.199679985808,17550
A10000w3.50_SFHx,SFHo,634.0,5.5,0.0868860364178,0.206248970385,17538
A10000w4.00_BHBL,SFHo,634.0,6.0,0.103335082032,0.214159012181,18836
A10000w4.00_BHBLP,SFHo,634.0,6.5,0.116851827455,0.223660451135,18838
A10000w4.00_GShenFSU1.7,SFHo,634.0,7.0,0.132712903256,0.23532320085800001,69200
A10000w4.00_GShenFSU2.1,SFHo,634.0,7.5,0.146226467271,0.249764927667,68416
A10000w4.00_GShenNL3,SFHo,634.0,8.0,0.160307468282,0.26813262646700003,70440
A10000w4.00_HSDD2,SFHo,634.0,8.5,0.173442221776,0.292134638698,18852
A10000w4.00_HSFSG,SFHo,634.0,9.0,0.183474130836,0.324842337286,18700
A10000w4.00_HSIUF,SFHo,634.0,9.5,0.19162990507,0.371772391589,18855
A10000w4.00_HSNL3,SFHo,1268.0,0.5,0.00108028014608,0.174757739323,18849
A10000w4.00_HSTM1,SFHo,1268.0,1.0,0.00427379644411,0.17598799984799998,18847
A10000w4.00_HSTMA,SFHo,1268.0,1.5,0.00935178626294,0.178084303592,18857
A10000w4.00_HShen,SFHo,1268.0,2.0,0.0166427811617,0.18115659665800002,15032
A10000w4.00_HShenH,SFHo,1268.0,2.5,0.0252559528164,0.185316281736,15017
A10000w4.00_LS180,SFHo,1268.0,3.0,0.0359957890251,0.190809089983,21195
A10000w4.00_LS220,SFHo,1268.0,3.5,0.0486425071878,0.19794992439200002,20869
A10000w4.00_LS375,SFHo,1268.0,4.0,0.0618070593557,0.207232657072,20479
A10000w4.00_SFHo,SFHo,1268.0,4.5,0.0758955935359,0.21948789651300002,18849
A10000w4.00_SFHx,SFHo,1268.0,5.0,0.0915412259052,0.236179727051,18847
A10000w4.50_BHBL,SFHo,1268.0,5.5,0.105577183198,0.260075313522,21010
A10000w4.50_BHBLP,SFHo,1268.0,6.0,0.121795561488,0.297643159887,21011
A10000w4.50_GShenFSU1.7,SFHo,1268.0,6.5,0.137029888775,0.368224162169,76342
A10000w4.50_GShenFSU2.1,SFHo,10000.0,0.5,0.00119391387907,0.174953805244,76360
A10000w4.50_GShenNL3,SFHo,10000.0,1.0,0.00468286414728,0.17676132368699998,78127
A10000w4.50_HSDD2,SFHo,10000.0,1.5,0.0102425061029,0.17992618596899998,21040
A10000w4.50_HSFSG,SFHo,10000.0,2.0,0.0181790148977,0.184679416204,21042
A10000w4.50_HSIUF,SFHo,10000.0,2.5,0.0274384457517,0.191398098399,21044
A10000w4.50_HSNL3,SFHo,10000.0,3.0,0.0386112989621,0.200809083148,21035
A10000w4.50_HSTM1,SFHo,10000.0,3.5,0.051653512808,0.21418342792,21034
A10000w4.50_HSTMA,SFHo,10000.0,4.0,0.0651439606487,0.234167892707,21048
A10000w4.50_HShen,SFHo,10000.0,4.5,0.0794587005719,0.267616308832,15751
A10000w4.50_HShenH,SFHo,10000.0,5.0,0.0914644146051,0.342414764498,15729
A10000w4.50_LS220,BHBL,300.0,0.5,0.000367758491558,0.17435498332500002,25714
A10000w4.50_LS375,BHBL,300.0,1.0,0.0014650390779,0.17454816693199998,24750
A10000w4.50_SFHo,BHBL,300.0,1.5,0.00327742400425,0.174863884676,21038
A10000w4.50_SFHx,BHBL,300.0,2.0,0.00577482434832,0.17531641133,21028
A10000w5.00_BHBL,BHBL,300.0,2.5,0.00894044662152,0.175898762692,25846
A10000w5.00_BHBLP,BHBL,300.0,3.0,0.0127460000022,0.176615925615,25847
A10000w5.00_GShenFSU1.7,BHBL,300.0,3.5,0.0171659871562,0.177471508592,67869
A10000w5.00_GShenFSU2.1,BHBL,300.0,4.0,0.0222796576792,0.17847224915999998,68337
A10000w5.00_GShenNL3,BHBL,300.0,4.5,0.0277525685393,0.17961306337299998,68416
A10000w5.00_HSDD2,BHBL,300.0,5.0,0.0337436417557,0.18089938551,25948
A10000w5.00_HSFSG,BHBL,300.0,5.5,0.0407077072709,0.182362333789,25892
A10000w5.00_HSIUF,BHBL,300.0,6.0,0.0476028553996,0.183971206948,25806
A10000w5.00_HSNL3,BHBL,300.0,6.5,0.0548148278167,0.18575437093299998,25941
A10000w5.00_HSTM1,BHBL,300.0,7.0,0.0631394475214,0.18773987235499998,25930
A10000w5.00_HSTMA,BHBL,300.0,7.5,0.0709097537911,0.18988929508000002,25956
A10000w5.00_HShen,BHBL,300.0,8.0,0.0796513663943,0.192261469061,16757
A10000w5.00_HShenH,BHBL,300.0,8.5,0.0886413012465,0.194857181721,16733
A10000w5.00_LS180,BHBL,300.0,9.0,0.097474631923,0.19768260601,67173
A10000w5.00_LS220,BHBL,300.0,9.5,0.107651139186,0.200777299583,66831
A10000w5.00_LS375,BHBL,300.0,10.0,0.117718953314,0.204150303742,66147
A10000w5.00_SFHo,BHBL,300.0,10.5,0.12783330044,0.207835038666,25931
A10000w5.00_SFHx,BHBL,300.0,11.0,0.137776887012,0.21184930767500001,25917
A10000w5.50_BHBL,BHBL,300.0,11.5,0.147803997785,0.21622827158000002,58130
A10000w5.50_BHBLP,BHBL,300.0,12.0,0.157697986299,0.221042418411,60308
A10000w5.50_GShenFSU1.7,BHBL,300.0,12.5,0.166474739469,0.22629830801400003,72958
A10000w5.50_GShenFSU2.1,BHBL,300.0,13.0,0.17529860533,0.232085430605,73342
A10000w5.50_GShenNL3,BHBL,300.0,13.5,0.18343422807,0.238485048631,73100
A10000w5.50_HSDD2,BHBL,300.0,14.0,0.191107864856,0.245543197632,70045
A10000w5.50_HSFSG,BHBL,300.0,14.5,0.195165833381,0.253289445949,66517
A10000w5.50_HSIUF,BHBL,300.0,15.0,0.200688699719,0.26191582410299996,76119
A10000w5.50_HSNL3,BHBL,300.0,15.5,0.203721451142,0.27151783332,69496
A10000w5.50_HSTM1,BHBL,467.0,0.5,0.000636167083389,0.174429253467,65798
A10000w5.50_HSTMA,BHBL,467.0,1.0,0.00253043842507,0.174855396003,66453
A10000w5.50_HShen,BHBL,467.0,1.5,0.0056236488732,0.175560767996,18290
A10000w5.50_HShenH,BHBL,467.0,2.0,0.00986885316674,0.17655699742300002,18031
A10000w5.50_LS180,BHBL,467.0,2.5,0.0152221633182,0.177863806522,76313
A10000w5.50_LS220,BHBL,467.0,3.0,0.0217929119453,0.179505183382,77020
A10000w5.50_LS375,BHBL,467.0,3.5,0.0290430718821,0.181466097259,76878
A10000w5.50_SFHo,BHBL,467.0,4.0,0.0378442654115,0.183804219982,74144
A10000w5.50_SFHx,BHBL,467.0,4.5,0.0467313359472,0.186522940028,108507
A1268w0.50_BHBL,BHBL,467.0,5.0,0.0571931357033,0.189690856202,14976
A1268w0.50_BHBLP,BHBL,467.0,5.5,0.0683955251667,0.193330924783,14972
A1268w0.50_GShenFSU1.7,BHBL,467.0,6.0,0.0802654971211,0.19751101122,18515
A1268w0.50_GShenFSU2.1,BHBL,467.0,6.5,0.091458759098,0.2022795571,18515
A1268w0.50_GShenNL3,BHBL,467.0,7.0,0.10540384493,0.20779659100800002,19700
A1268w0.50_HSDD2,BHBL,467.0,7.5,0.118145977636,0.214097298053,14977
A1268w0.50_HSFSG,BHBL,467.0,8.0,0.131938682465,0.221398635629,14980
A1268w0.50_HSIUF,BHBL,467.0,8.5,0.144477511931,0.229874910643,14978
A1268w0.50_HSNL3,BHBL,467.0,9.0,0.158047507385,0.239785564903,14976
A1268w0.50_HSTM1,BHBL,467.0,9.5,0.170163838732,0.251506721049,14977
A1268w0.50_HSTMA,BHBL,467.0,10.0,0.180684204561,0.265531889288,14982
A1268w0.50_HShen,BHBL,467.0,10.5,0.189607695327,0.28249623326699996,13191
A1268w0.50_HShenH,BHBL,467.0,11.0,0.197325203851,0.303373564132,13182
A1268w0.50_LS180,BHBL,467.0,11.5,0.20263617869,0.329247210219,15573
A1268w0.50_LS375,BHBL,634.0,0.5,0.00080590450788,0.174506368128,15176
A1268w0.50_SFHo,BHBL,634.0,1.0,0.0031972337143,0.175150218043,14980
A1268w0.50_SFHx,BHBL,634.0,1.5,0.00708525905144,0.176246281058,14975
A1268w1.00_BHBL,BHBL,634.0,2.0,0.012409331043,0.17779453457299998,15051
A1268w1.00_BHBLP,BHBL,634.0,2.5,0.0193126233482,0.179862731566,15055
A1268w1.00_GShenFSU1.7,BHBL,634.0,3.0,0.0271345510185,0.182442328712,18691
A1268w1.00_GShenFSU2.1,BHBL,634.0,3.5,0.036629459795,0.185629883546,18688
A1268w1.00_GShenNL3,BHBL,634.0,4.0,0.047643953915,0.18948336183800002,19763
A1268w1.00_HSDD2,BHBL,634.0,4.5,0.0584795543073,0.1940798644,15057
A1268w1.00_HSFSG,BHBL,634.0,5.0,0.0710993640969,0.199580691191,15060
A1268w1.00_HSIUF,BHBL,634.0,5.5,0.0848168372115,0.206148089865,15061
A1268w1.00_HSNL3,BHBL,634.0,6.0,0.0984373107487,0.213984052651,15061
A1268w1.00_HSTM1,BHBL,634.0,6.5,0.113737919491,0.22347312571300001,15058
A1268w1.00_HSTMA,BHBL,634.0,7.0,0.12824824264,0.235050449537,15059
A1268w1.00_HShen,BHBL,634.0,7.5,0.142691237861,0.249456006093,13242
A1268w1.00_HShenH,BHBL,634.0,8.0,0.156909030347,0.26774183659,13234
A1268w1.00_LS180,BHBL,634.0,8.5,0.168711922495,0.291644055398,15671
A1268w1.00_LS220,BHBL,634.0,9.0,0.179028235327,0.324176468464,15570
A1268w1.00_LS375,BHBL,634.0,9.5,0.186993068557,0.37079857820400003,15442
A1268w1.00_SFHo,BHBL,1268.0,0.5,0.00103934865684,0.17469427178699998,15060
A1268w1.00_SFHx,BHBL,1268.0,1.0,0.00409781196423,0.175914921937,15055
A1268w1.50_BHBL,BHBL,1268.0,1.5,0.00907381359343,0.17801581597500002,15188
A1268w1.50_BHBLP,BHBL,1268.0,2.0,0.0160822991166,0.18108518465200002,15193
A1268w1.50_GShenFSU1.7,BHBL,1268.0,2.5,0.0243491821068,0.18524304816099998,18994
A1268w1.50_GShenFSU2.1,BHBL,1268.0,3.0,0.034455458791,0.190728489588,18994
A1268w1.50_GShenNL3,BHBL,1268.0,3.5,0.0463312895713,0.197851184359,20316
A1268w1.50_HSDD2,BHBL,1268.0,4.0,0.0592044227455,0.207106956133,15194
A1268w1.50_HSFSG,BHBL,1268.0,4.5,0.0737041919249,0.21933414327599998,15197
A1268w1.50_HSIUF,BHBL,1268.0,5.0,0.0878051864648,0.235918527232,15195
A1268w1.50_HSNL3,BHBL,1268.0,5.5,0.102817686853,0.259693892237,15194
A1268w1.50_HSTM1,BHBL,1268.0,6.0,0.117543782568,0.296942829767,15190
A1268w1.50_HSTMA,BHBL,1268.0,6.5,0.133527525116,0.36676732395,15199
A1268w1.50_HShen,BHBL,10000.0,0.5,0.00114322776886,0.174882934169,13322
A1268w1.50_HShenH,BHBL,10000.0,1.0,0.00449633370734,0.176692783924,13314
A1268w1.50_LS180,BHBL,10000.0,1.5,0.00991134862959,0.179849504607,15840
A1268w1.50_LS220,BHBL,10000.0,2.0,0.0174696752425,0.18459722542,15738
A1268w1.50_LS375,BHBL,10000.0,2.5,0.0264353919422,0.191300401746,15604
A1268w1.50_SFHo,BHBL,10000.0,3.0,0.0370911816226,0.200694099935,15195
A1268w1.50_SFHx,BHBL,10000.0,3.5,0.0507293067366,0.21404899981,15189
A1268w2.00_BHBL,BHBL,10000.0,4.0,0.063403741588,0.233927348421,15387
A1268w2.00_BHBLP,BHBL,10000.0,4.5,0.0759966292258,0.267152533192,15391
A1268w2.00_GShenFSU1.7,BHBL,10000.0,5.0,0.0896640291247,0.341127346762,19456
A1268w2.00_GShenNL3,BHBLP,300.0,0.5,0.000368364998205,0.17436710581200002,20918
A1268w2.00_HSDD2,BHBLP,300.0,1.0,0.00146772324103,0.174564926038,15392
A1268w2.00_HSFSG,BHBLP,300.0,1.5,0.0032822183521,0.174879327023,15395
A1268w2.00_HSIUF,BHBLP,300.0,2.0,0.00578550769017,0.175328540927,15394
A1268w2.00_HSNL3,BHBLP,300.0,2.5,0.00894201374762,0.17590569398,15396
A1268w2.00_HSTM1,BHBLP,300.0,3.0,0.0127677706119,0.176621745808,15389
A1268w2.00_HSTMA,BHBLP,300.0,3.5,0.0171930033878,0.17747364439899999,15398
A1268w2.00_HShen,BHBLP,300.0,4.0,0.0223229515938,0.178482674941,13437
A1268w2.00_HShenH,BHBLP,300.0,4.5,0.0277997411603,0.17961699456799998,13431
A1268w2.00_LS180,BHBLP,300.0,5.0,0.0338319912136,0.180906542269,16093
A1268w2.00_LS220,BHBLP,300.0,5.5,0.0407596797342,0.18236574614599999,15981
A1268w2.00_LS375,BHBLP,300.0,6.0,0.0475996451626,0.183977229725,15844
A1268w2.00_SFHo,BHBLP,300.0,6.5,0.0548462945608,0.18575688234200002,15389
A1268w2.00_SFHx,BHBLP,300.0,7.0,0.0631844379959,0.18774353361499999,15388
A1268w2.50_BHBL,BHBLP,300.0,7.5,0.0709433101071,0.189894993182,15662
A1268w2.50_BHBLP,BHBLP,300.0,8.0,0.0796983879822,0.192263365297,15656
A1268w2.50_GShenFSU1.7,BHBLP,300.0,8.5,0.0886978964945,0.19486031908,20116
A1268w2.50_GShenFSU2.1,BHBLP,300.0,9.0,0.0976272252127,0.197681860178,19975
A1268w2.50_GShenNL3,BHBLP,300.0,9.5,0.107754522039,0.200776271621,21798
A1268w2.50_HSDD2,BHBLP,300.0,10.0,0.11775101501,0.204155221401,15661
A1268w2.50_HSFSG,BHBLP,300.0,10.5,0.127911482862,0.207839397674,15663
A1268w2.50_HSIUF,BHBLP,300.0,11.0,0.138135848295,0.211860283554,15668
A1268w2.50_HSNL3,BHBLP,300.0,11.5,0.147671303332,0.21623785627,15663
A1268w2.50_HSTM1,BHBLP,300.0,12.0,0.157803283884,0.221053185475,15662
A1268w2.50_HSTMA,BHBLP,300.0,12.5,0.16651112643,0.22630829359399998,15666
A1268w2.50_HShen,BHBLP,300.0,13.0,0.175386973823,0.232097669287,13602
A1268w2.50_HShenH,BHBLP,300.0,13.5,0.183522039616,0.23848866406299998,13592
A1268w2.50_LS180,BHBLP,300.0,14.0,0.191167600994,0.245532731942,16439
A1268w2.50_LS220,BHBLP,300.0,14.5,0.19560571049,0.253270900082,16318
A1268w2.50_LS375,BHBLP,300.0,15.0,0.200688355064,0.2618668273,16173
A1268w2.50_SFHo,BHBLP,300.0,15.5,0.20358940347,0.271455794283,15663
A1268w2.50_SFHx,BHBLP,467.0,0.5,0.000638038007046,0.17444628895,15658
A1268w3.00_BHBL,BHBLP,467.0,1.0,0.00253459760675,0.174865570414,16015
A1268w3.00_BHBLP,BHBLP,467.0,1.5,0.00563588410056,0.17556915237600002,16018
A1268w3.00_GShenFSU1.7,BHBLP,467.0,2.0,0.00988801094783,0.176565883846,21048
A1268w3.00_GShenFSU2.1,BHBLP,467.0,2.5,0.0152576702217,0.177872274133,20914
A1268w3.00_GShenNL3,BHBLP,467.0,3.0,0.0218678553894,0.179512694042,23095
A1268w3.00_HSDD2,BHBLP,467.0,3.5,0.029108837014,0.181471143976,16022
A1268w3.00_HSFSG,BHBLP,467.0,4.0,0.0378668023737,0.183815030801,16023
A1268w3.00_HSIUF,BHBLP,467.0,4.5,0.0467549569553,0.186528370905,16022
A1268w3.00_HSNL3,BHBLP,467.0,5.0,0.0572580968334,0.18969803271000002,16021
A1268w3.00_HSTM1,BHBLP,467.0,5.5,0.0684044213729,0.19334255559400002,16018
A1268w3.00_HSTMA,BHBLP,467.0,6.0,0.0803366655454,0.197523280736,16025
A1268w3.00_HShen,BHBLP,467.0,6.5,0.0915599741302,0.20229060049,13800
A1268w3.00_HShenH,BHBLP,467.0,7.0,0.105501711776,0.20779745622100002,13792
A1268w3.00_LS180,BHBLP,467.0,7.5,0.118008370655,0.214108594006,16907
A1268w3.00_LS220,BHBLP,467.0,8.0,0.132068581689,0.221402126768,16779
A1268w3.00_LS375,BHBLP,467.0,8.5,0.144840466076,0.229878032122,16615
A1268w3.00_SFHo,BHBLP,467.0,9.0,0.158294530345,0.23978677853400002,16020
A1268w3.00_SFHx,BHBLP,467.0,9.5,0.170299633097,0.251513185962,16018
A1268w3.50_BHBL,BHBLP,467.0,10.0,0.180720663892,0.265518861858,16477
A1268w3.50_BHBLP,BHBLP,467.0,10.5,0.189857717624,0.28245627450099997,16478
A1268w3.50_GShenFSU1.7,BHBLP,467.0,11.0,0.197591963168,0.303309823363,22351
A1268w3.50_GShenFSU2.1,BHBLP,467.0,11.5,0.202347150144,0.32909070943400004,22379
A1268w3.50_HSDD2,BHBLP,634.0,0.5,0.000809696948066,0.174520575291,16487
A1268w3.50_HSFSG,BHBLP,634.0,1.0,0.00320490435697,0.175162769045,16484
A1268w3.50_HSIUF,BHBLP,634.0,1.5,0.0070841439245,0.176253102684,16486
A1268w3.50_HSNL3,BHBLP,634.0,2.0,0.0124332348523,0.17780702385699998,16483
A1268w3.50_HSTM1,BHBLP,634.0,2.5,0.0193632311209,0.179876909586,16479
A1268w3.50_HSTMA,BHBLP,634.0,3.0,0.0271758204729,0.18244984573,16488
A1268w3.50_HShen,BHBLP,634.0,3.5,0.0366657356924,0.185638800074,14058
A1268w3.50_HShenH,BHBLP,634.0,4.0,0.0477256729329,0.18949892270399998,14042
A1268w3.50_LS180,BHBLP,634.0,4.5,0.0585031228693,0.194095728985,17531
A1268w3.50_LS220,BHBLP,634.0,5.0,0.0709966017403,0.199589747051,17388
A1268w3.50_LS375,BHBLP,634.0,5.5,0.0850182232159,0.206161637499,17209
A1268w3.50_SFHo,BHBLP,634.0,6.0,0.0982102798418,0.21399981935100001,16482
A1268w3.50_SFHx,BHBLP,634.0,6.5,0.113873042631,0.223483258245,16478
A1268w4.00_BHBL,BHBLP,634.0,7.0,0.128303806471,0.23506064827099998,17080
A1268w4.00_BHBLP,BHBLP,634.0,7.5,0.142425604341,0.249445923948,17083
A1268w4.00_GShenFSU1.7,BHBLP,634.0,8.0,0.156968148748,0.267718075006,24406
A1268w4.00_GShenFSU2.1,BHBLP,634.0,8.5,0.168881723809,0.291621127451,24404
A1268w4.00_GShenNL3,BHBLP,634.0,9.0,0.178863026048,0.32410592218900003,28253
A1268w4.00_HSDD2,BHBLP,634.0,9.5,0.1868488436,0.37064859070699996,17091
A1268w4.00_HSFSG,BHBLP,1268.0,0.5,0.00104280752026,0.17470876357399998,17092
A1268w4.00_HSIUF,BHBLP,1268.0,1.0,0.00410750062113,0.17592933639,17091
A1268w4.00_HSNL3,BHBLP,1268.0,1.5,0.00907184462558,0.178028184463,17088
A1268w4.00_HSTM1,BHBLP,1268.0,2.0,0.0161131464693,0.181100393416,17036
A1268w4.00_HSTMA,BHBLP,1268.0,2.5,0.0243768969035,0.18525683629,17017
A1268w4.00_HShen,BHBLP,1268.0,3.0,0.0345726763055,0.190743499084,14375
A1268w4.00_HShenH,BHBLP,1268.0,3.5,0.0464158026659,0.197869031689,14366
A1268w4.00_LS180,BHBLP,1268.0,4.0,0.0592437659014,0.20713566143,18389
A1268w4.00_LS220,BHBLP,1268.0,4.5,0.0737309766037,0.219366011001,18219
A1268w4.00_LS375,BHBLP,1268.0,5.0,0.0878269878587,0.235940916326,18013
A1268w4.00_SFHo,BHBLP,1268.0,5.5,0.102816096777,0.259718380493,17088
A1268w4.00_SFHx,BHBLP,1268.0,6.0,0.117533274798,0.296985084017,17085
A1268w4.50_BHBL,BHBLP,1268.0,6.5,0.133563673633,0.366794927123,17876
A1268w4.50_BHBLP,BHBLP,10000.0,0.5,0.0011481331104,0.174900165272,17878
A1268w4.50_GShenFSU1.7,BHBLP,10000.0,1.0,0.00450298022858,0.176709737001,27752
A1268w4.50_GShenFSU2.1,BHBLP,10000.0,1.5,0.00994927587943,0.179865153276,27749
A1268w4.50_GShenNL3,BHBLP,10000.0,2.0,0.017500454247,0.184614636389,34283
A1268w4.50_HSDD2,BHBLP,10000.0,2.5,0.0265013431663,0.191325684713,17886
A1268w4.50_HSFSG,BHBLP,10000.0,3.0,0.0372871947802,0.20072451226000002,17891
A1268w4.50_HSIUF,BHBLP,10000.0,3.5,0.0498954631652,0.214065096444,17843
A1268w4.50_HSNL3,BHBLP,10000.0,4.0,0.0634091014406,0.23396890520900002,17886
A1268w4.50_HSTM1,BHBLP,10000.0,4.5,0.0761089319308,0.267183929696,17779
A1268w4.50_HSTMA,BHBLP,10000.0,5.0,0.0896552831151,0.341127150838,17746
A1268w4.50_HShenH,LS180,300.0,0.5,0.000390122878259,0.183389327385,14753
A1268w4.50_LS180,LS180,300.0,1.0,0.00154164712088,0.183636499134,19604
A1268w4.50_LS220,LS180,300.0,1.5,0.00345645559654,0.184045974201,19402
A1268w4.50_LS375,LS180,300.0,2.0,0.00614547909502,0.184643590107,19148
A1268w4.50_SFHo,LS180,300.0,2.5,0.00948465741977,0.185393691,17889
A1268w4.50_SFHx,LS180,300.0,3.0,0.0134680344697,0.186314975284,17882
A1268w5.00_BHBL,LS180,300.0,3.5,0.0180240091807,0.187409636012,18959
A1268w5.00_BHBLP,LS180,300.0,4.0,0.0231485862974,0.188709992769,18960
A1268w5.00_GShenFSU1.7,LS180,300.0,4.5,0.0293439070727,0.19022029787400002,34220
A1268w5.00_GShenFSU2.1,LS180,300.0,5.0,0.0354248888364,0.19191002582,34217
A1268w5.00_GShenNL3,LS180,300.0,5.5,0.0419688862573,0.193816291974,46566
A1268w5.00_HSDD2,LS180,300.0,6.0,0.0497678870172,0.19598442461600002,18976
A1268w5.00_HSFSG,LS180,300.0,6.5,0.0569420926364,0.198369908211,18926
A1268w5.00_HSIUF,LS180,300.0,7.0,0.0658196073957,0.20106460941399998,18782
A1268w5.00_HSNL3,LS180,300.0,7.5,0.0737087810696,0.204011212596,18975
A1268w5.00_HSTM1,LS180,300.0,8.0,0.0833179845898,0.207313730167,18971
A1268w5.00_HSTMA,LS180,300.0,8.5,0.0917927484161,0.210927455315,18982
A1268w5.00_HShen,LS180,300.0,9.0,0.102108993765,0.214945757037,15265
A1268w5.00_HShenH,LS180,300.0,9.5,0.110995308111,0.219370422746,15252
A1268w5.00_LS180,LS180,300.0,10.0,0.12158622493,0.224288608547,21460
A1268w5.00_LS220,LS180,300.0,10.5,0.131565761794,0.22975864292700002,21204
A1268w5.00_LS375,LS180,300.0,11.0,0.141285234895,0.235830840567,20868
A1268w5.00_SFHo,LS180,300.0,11.5,0.150649607447,0.242567925607,18973
A1268w5.00_SFHx,LS180,300.0,12.0,0.160125248528,0.250095484321,18967
A1268w5.50_BHBL,LS180,300.0,12.5,0.169924117327,0.258587542257,20508
A1268w5.50_BHBLP,LS180,300.0,13.0,0.178243622001,0.26823093455999997,20512
A1268w5.50_GShenFSU1.7,LS180,300.0,13.5,0.186361357178,0.279494437064,54018
A1268w5.50_GShenFSU2.1,LS180,300.0,14.0,0.194750708124,0.292598038017,53932
A1268w5.50_GShenNL3,LS180,300.0,14.5,0.20239831543,0.30775959300199995,67718
A1268w5.50_HSDD2,LS180,300.0,15.0,0.208817720766,0.325541039137,20539
A1268w5.50_HSFSG,LS180,300.0,15.5,0.214246128184,0.347040050178,20538
A1268w5.50_HSIUF,LS180,467.0,0.5,0.000648517875937,0.183485220493,20538
A1268w5.50_HSNL3,LS180,467.0,1.0,0.00258340709162,0.184021511894,20533
A1268w5.50_HSTM1,LS180,467.0,1.5,0.00586395400004,0.184935410568,20533
A1268w5.50_HSTMA,LS180,467.0,2.0,0.0102088579152,0.186205384384,20542
A1268w5.50_HShen,LS180,467.0,2.5,0.0155944193127,0.18787781468,15893
A1268w5.50_HShenH,LS180,467.0,3.0,0.0220044264912,0.18996768998900002,15878
A1268w5.50_LS180,LS180,467.0,3.5,0.02975350264,0.19253886797300002,24645
A1268w5.50_LS220,LS180,467.0,4.0,0.0388896253464,0.195611187924,24380
A1268w5.50_LS375,LS180,467.0,4.5,0.0475114275409,0.199220398069,23838
A1268w5.50_SFHo,LS180,467.0,5.0,0.0581443539475,0.20347941905900002,20537
A1268w5.50_SFHx,LS180,467.0,5.5,0.0694643840041,0.208471659753,20526
A1268w6.00_BHBL,LS180,467.0,6.0,0.0799754899728,0.21430768515899998,22946
A1268w6.00_BHBLP,LS180,467.0,6.5,0.0937091747812,0.221184091803,22947
A1268w6.00_GShenFSU1.7,LS180,467.0,7.0,0.106109473698,0.229276515988,70211
A1268w6.00_GShenFSU2.1,LS180,467.0,7.5,0.118615724563,0.238838748559,69666
A1268w6.00_GShenNL3,LS180,467.0,8.0,0.13267871203,0.25033745253199996,72421
A1268w6.00_HSDD2,LS180,467.0,8.5,0.144351579345,0.264191309353,22990
A1268w6.00_HSFSG,LS180,467.0,9.0,0.156076106145,0.28143430809000003,22993
A1268w6.00_HSIUF,LS180,467.0,9.5,0.167777502483,0.30321914657500004,22991
A1268w6.00_HSNL3,LS180,467.0,10.0,0.178932843361,0.331348761422,22990
A1268w6.00_HSTM1,LS180,467.0,10.5,0.188494053423,0.367764580449,22987
A1268w6.00_HSTMA,LS180,467.0,11.0,0.196906235074,0.413660989012,22954
A1268w6.00_HShen,LS180,467.0,11.5,0.204266565834,0.493004730602,16713
A1268w6.00_LS180,LS180,634.0,0.5,0.000809332561761,0.183579489547,30540
A1268w6.00_LS220,LS180,634.0,1.0,0.00320858579616,0.184393620156,31398
A1268w6.00_LS375,LS180,634.0,1.5,0.00726587797681,0.185783094402,30214
A1268w6.00_SFHo,LS180,634.0,2.0,0.0125421677676,0.187746574352,22989
A1268w6.00_SFHx,LS180,634.0,2.5,0.0190879464,0.190368556802,22979
A1268w6.50_BHBL,LS180,634.0,3.0,0.0273812747769,0.193713222977,27507
A1268w6.50_BHBLP,LS180,634.0,3.5,0.0372516539279,0.197892323718,27510
A1268w6.50_GShenFSU1.7,LS180,634.0,4.0,0.0467364416546,0.20299267575799998,75982
A1268w6.50_GShenFSU2.1,LS180,634.0,4.5,0.0582540969798,0.20926580971300002,75657
A1268w6.50_GShenNL3,LS180,634.0,5.0,0.0707982677695,0.216955290994,75914
A1268w6.50_HSDD2,LS180,634.0,5.5,0.0850748935268,0.22645189761,27608
A1268w6.50_HSFSG,LS180,634.0,6.0,0.0979890946322,0.238303006634,27412
A1268w6.50_HSIUF,LS180,634.0,6.5,0.112801644812,0.253346722004,27411
A1268w6.50_HSNL3,LS180,634.0,7.0,0.126829955494,0.27298798943,27603
A1268w6.50_HSTM1,LS180,634.0,7.5,0.140232666452,0.299659124177,27597
A1268w6.50_HSTMA,LS180,634.0,8.0,0.151649907862,0.33701454356599997,27618
A1268w6.50_HShen,LS180,634.0,8.5,0.162655236287,0.388783311832,17824
A1268w6.50_HShenH,LS180,634.0,9.0,0.172158281942,0.46188705510699996,17795
A1268w6.50_LS220,LS180,1268.0,0.5,0.00102446792009,0.18380585638400002,67191
A1268w6.50_LS375,LS180,1268.0,1.0,0.00402996005007,0.185316742231,74107
A1268w6.50_SFHo,LS180,1268.0,1.5,0.00906812651992,0.187937137173,27606
A1268w6.50_SFHx,LS180,1268.0,2.0,0.0155562447916,0.19176769734000002,27586
A300w0.50_BHBL,LS180,1268.0,2.5,0.0242435866685,0.197106187809,14953
A300w0.50_BHBLP,LS180,1268.0,3.0,0.0344604385832,0.204283014033,14951
A300w0.50_GShenFSU1.7,LS180,1268.0,3.5,0.046023818652,0.21391478735000002,18444
A300w0.50_GShenFSU2.1,LS180,1268.0,4.0,0.0587375157898,0.22702565621100002,18464
A300w0.50_GShenNL3,LS180,1268.0,4.5,0.0715938642947,0.245652055107,19631
A300w0.50_HSDD2,LS180,1268.0,5.0,0.0864764364838,0.274010105278,14956
A300w0.50_HSFSG,LS180,1268.0,5.5,0.100781710097,0.322745699696,14957
A300w0.50_HSIUF,LS180,1268.0,6.0,0.114223520377,0.41278867897,14956
A300w0.50_HSTM1,LS180,10000.0,0.5,0.00111603465237,0.184025973511,14953
A300w0.50_HSTMA,LS180,10000.0,1.0,0.00453560373178,0.186262893921,14957
A300w0.50_HShen,LS180,10000.0,1.5,0.00981529128408,0.190138289895,13180
A300w0.50_HShenH,LS180,10000.0,2.0,0.0168402037509,0.196061741221,13169
A300w0.50_LS180,LS180,10000.0,2.5,0.0259580775128,0.20473433909299998,15541
A300w0.50_LS220,LS180,10000.0,3.0,0.036602435954,0.21737837384,15445
A300w0.50_LS375,LS180,10000.0,3.5,0.0486471467178,0.236676181914,15324
A300w0.50_SFHo,LS180,10000.0,4.0,0.0625073268031,0.269945535509,14954
A300w0.50_SFHx,LS180,10000.0,4.5,0.0736392434481,0.349462787367,14954
A300w1.00_GShenFSU1.7,LS220,300.0,0.5,0.000384565234848,0.181911399361,18490
A300w1.00_GShenFSU2.1,LS220,300.0,1.0,0.001531376839,0.18215369911100002,18491
A300w1.00_GShenNL3,LS220,300.0,1.5,0.00341890672154,0.18256100122399999,19525
A300w1.00_HSDD2,LS220,300.0,2.0,0.00607150633549,0.183149371043,14970
A300w1.00_HSFSG,LS220,300.0,2.5,0.0093774852478,0.18389125190199998,14969
A300w1.00_HSIUF,LS220,300.0,3.0,0.0133291788477,0.184796774927,14968
A300w1.00_HSNL3,LS220,300.0,3.5,0.017905895909,0.185890346034,14966
A300w1.00_HSTM1,LS220,300.0,4.0,0.0230095119834,0.18715986311,14969
A300w1.00_HSTMA,LS220,300.0,4.5,0.0290649470628,0.188651065705,14972
A300w1.00_HShen,LS220,300.0,5.0,0.0351624435347,0.190324453188,13190
A300w1.00_HShenH,LS220,300.0,5.5,0.0424323330557,0.192234228694,13176
A300w1.00_LS180,LS220,300.0,6.0,0.0494128855089,0.194353695739,15558
A300w1.00_LS220,LS220,300.0,6.5,0.0567550283003,0.196728325815,15461
A300w1.00_LS375,LS220,300.0,7.0,0.0654478727217,0.19939007988899998,15338
A300w1.00_SFHo,LS220,300.0,7.5,0.0734302130899,0.20230874556,14969
A300w1.00_SFHx,LS220,300.0,8.0,0.082834212672,0.205579334572,14965
A300w1.50_BHBL,LS220,300.0,8.5,0.091483549823,0.209161869256,14986
A300w1.50_BHBLP,LS220,300.0,9.0,0.101531634163,0.213173887563,14986
A300w1.50_GShenFSU1.7,LS220,300.0,9.5,0.110791128821,0.217590739571,18529
A300w1.50_GShenFSU2.1,LS220,300.0,10.0,0.121044002196,0.22251296756900002,18513
A300w1.50_GShenNL3,LS220,300.0,10.5,0.131099661561,0.227988157937,19610
A300w1.50_HSDD2,LS220,300.0,11.0,0.141264507908,0.234093407415,14988
A300w1.50_HSFSG,LS220,300.0,11.5,0.150912190357,0.240927046551,14989
A300w1.50_HSIUF,LS220,300.0,12.0,0.160684936483,0.24865435986,14990
A300w1.50_HSNL3,LS220,300.0,12.5,0.170402351765,0.25736156033200003,14990
A300w1.50_HSTM1,LS220,300.0,13.0,0.178852581552,0.26716423435299996,14990
A300w1.50_HSTMA,LS220,300.0,13.5,0.18733062812,0.27837479135500004,14994
A300w1.50_HShen,LS220,300.0,14.0,0.195592388506,0.291498687797,13199
A300w1.50_HShenH,LS220,300.0,14.5,0.203034409473,0.30726551323,13190
A300w1.50_LS180,LS220,300.0,15.0,0.209528141884,0.326215748629,15589
A300w1.50_LS220,LS220,300.0,15.5,0.215476612137,0.34874307401,15489
A300w1.50_LS375,LS220,467.0,0.5,0.000646600498865,0.182006913011,15363
A300w1.50_SFHo,LS220,467.0,1.0,0.00256465139741,0.182530553425,14989
A300w1.50_SFHx,LS220,467.0,1.5,0.00579234137947,0.183437172524,14985
A300w10.00_BHBL,LS220,467.0,2.0,0.0101043392259,0.184688897787,16879
A300w10.00_BHBLP,LS220,467.0,2.5,0.0155452774552,0.186330562734,16878
A300w10.00_GShenFSU1.7,LS220,467.0,3.0,0.0223427031871,0.188411997385,22889
A300w10.00_GShenFSU2.1,LS220,467.0,3.5,0.0295921039924,0.190918973965,22892
A300w10.00_GShenNL3,LS220,467.0,4.0,0.0386071454257,0.19394337359900002,25366
A300w10.00_HSDD2,LS220,467.0,4.5,0.0473427506126,0.197495234966,16890
A300w10.00_HSFSG,LS220,467.0,5.0,0.0580083530207,0.201705848836,16890
A300w10.00_HSIUF,LS220,467.0,5.5,0.0690227802832,0.206632624773,16889
A300w10.00_HSNL3,LS220,467.0,6.0,0.080697903785,0.21240851233000002,16890
A300w10.00_HSTM1,LS220,467.0,6.5,0.0929511781948,0.21919186677,16890
A300w10.00_HSTMA,LS220,467.0,7.0,0.105721072702,0.22720514881899997,16892
A300w10.00_HShen,LS220,467.0,7.5,0.118701771071,0.23677607204599999,14394
A300w10.00_HShenH,LS220,467.0,8.0,0.132707097822,0.248307164271,14254
A300w10.00_LS180,LS220,467.0,8.5,0.144874298823,0.26243890737700004,18204
A300w10.00_LS220,LS220,467.0,9.0,0.156684972205,0.280050320147,18086
A300w10.00_LS375,LS220,467.0,9.5,0.168367290466,0.302467977587,17921
A300w10.00_SFHo,LS220,467.0,10.0,0.179863464243,0.332262206268,16892
A300w10.00_SFHx,LS220,467.0,10.5,0.189537740137,0.37325040147800004,16883
A300w10.50_BHBL,LS220,467.0,11.0,0.198339541553,0.427032215131,17122
A300w10.50_BHBLP,LS220,467.0,11.5,0.205034677938,0.505243538401,17117
A300w10.50_GShenFSU2.1,LS220,634.0,0.5,0.000805718000885,0.182096667785,23526
A300w10.50_GShenNL3,LS220,634.0,1.0,0.0032559509769,0.182914463442,26199
A300w10.50_HSDD2,LS220,634.0,1.5,0.00719304925855,0.184266454821,17133
A300w10.50_HSFSG,LS220,634.0,2.0,0.012485226744,0.18619625109899998,17131
A300w10.50_HSIUF,LS220,634.0,2.5,0.0195798749065,0.188785872259,17132
A300w10.50_HSNL3,LS220,634.0,3.0,0.0272367901592,0.19205709989,17129
A300w10.50_HSTM1,LS220,634.0,3.5,0.03694524675,0.19615360222300002,17130
A300w10.50_HSTMA,LS220,634.0,4.0,0.0477149031594,0.20119710044000003,17136
A300w10.50_HShen,LS220,634.0,4.5,0.0580508037701,0.207333247105,14533
A300w10.50_HShenH,LS220,634.0,5.0,0.0714895033921,0.214916302654,14416
A300w10.50_LS180,LS220,634.0,5.5,0.0845608650858,0.224243080241,18557
A300w10.50_LS220,LS220,634.0,6.0,0.0978338364701,0.235921180227,18439
A300w10.50_LS375,LS220,634.0,6.5,0.112638845523,0.25090769656399997,18271
A300w10.50_SFHo,LS220,634.0,7.0,0.12687996474,0.27070259862199997,17126
A300w10.50_SFHx,LS220,634.0,7.5,0.140629041294,0.297994837849,17124
A300w11.00_BHBL,LS220,634.0,8.0,0.152561175322,0.33775749635,17382
A300w11.00_BHBLP,LS220,634.0,8.5,0.162731989193,0.39913676655400004,17381
A300w11.00_GShenFSU1.7,LS220,634.0,9.0,0.176249337882,0.482171525293,24248
A300w11.00_GShenNL3,LS220,1268.0,0.5,0.00101677016916,0.18231742070600002,27487
A300w11.00_HSDD2,LS220,1268.0,1.0,0.00411489938615,0.18381672748,17395
A300w11.00_HSFSG,LS220,1268.0,1.5,0.00898911276066,0.18636291666,17393
A300w11.00_HSIUF,LS220,1268.0,2.0,0.0155109856004,0.19011211833900002,17395
A300w11.00_HSNL3,LS220,1268.0,2.5,0.024132264208,0.19531828960199998,17386
A300w11.00_HSTM1,LS220,1268.0,3.0,0.0343131219413,0.20232217412099998,17388
A300w11.00_HSTMA,LS220,1268.0,3.5,0.0459306464974,0.21170766677699998,17395
A300w11.00_HShen,LS220,1268.0,4.0,0.0584357419779,0.224466812787,14691
A300w11.00_HShenH,LS220,1268.0,4.5,0.0728507759107,0.242556739257,14600
A300w11.00_LS180,LS220,1268.0,5.0,0.0861517633737,0.27013412925799996,18953
A300w11.00_LS220,LS220,1268.0,5.5,0.100585166999,0.318702303035,18836
A300w11.00_LS375,LS220,1268.0,6.0,0.115517977266,0.42590321036400003,18664
A300w11.00_SFHx,LS220,10000.0,0.5,0.00110767733521,0.182531241989,17382
A300w11.50_BHBL,LS220,10000.0,1.0,0.00448352669693,0.18470851374,17661
A300w11.50_BHBLP,LS220,10000.0,1.5,0.00975775894138,0.188491181047,17666
A300w11.50_GShenFSU1.7,LS220,10000.0,2.0,0.0173066284221,0.19426991366,25061
A300w11.50_GShenFSU2.1,LS220,10000.0,2.5,0.0258715263037,0.202648845153,25030
A300w11.50_GShenNL3,LS220,10000.0,3.0,0.0364510770391,0.214866148273,28698
A300w11.50_HSDD2,LS220,10000.0,3.5,0.0496786568523,0.23344350525,17675
A300w11.50_HSFSG,LS220,10000.0,4.0,0.0618405365063,0.264984443222,17680
A300w11.50_HSIUF,LS220,10000.0,4.5,0.0733864133607,0.338858007957,17681
A300w11.50_HSTMA,LS375,300.0,0.5,0.000378097080651,0.18003107189,17682
A300w11.50_HShen,LS375,300.0,1.0,0.00150593674301,0.18027475851299998,14846
A300w11.50_HShenH,LS375,300.0,1.5,0.00338107295432,0.18067071532200002,14806
A300w11.50_LS180,LS375,300.0,2.0,0.0059682482417,0.181235321304,19391
A300w11.50_LS220,LS375,300.0,2.5,0.00923381311499,0.181958687526,19286
A300w11.50_LS375,LS375,300.0,3.0,0.0131348275179,0.18285928169799998,19105
A300w11.50_SFHo,LS375,300.0,3.5,0.0177844967853,0.183952856435,17676
A300w11.50_SFHx,LS375,300.0,4.0,0.022875051399,0.185202153273,17675
A300w12.00_BHBL,LS375,300.0,4.5,0.0285415170926,0.186647082045,17979
A300w12.00_BHBLP,LS375,300.0,5.0,0.0350807258785,0.18832929017,17978
A300w12.00_GShenFSU1.7,LS375,300.0,5.5,0.0416305440354,0.19018745680500002,25999
A300w12.00_GShenFSU2.1,LS375,300.0,6.0,0.0486456550146,0.19227807624999999,26004
A300w12.00_GShenNL3,LS375,300.0,6.5,0.0566582556675,0.194629876228,30102
A300w12.00_HSDD2,LS375,300.0,7.0,0.0643832660052,0.19722562799100002,17993
A300w12.00_HSFSG,LS375,300.0,7.5,0.0732154800888,0.200130513288,17993
A300w12.00_HSIUF,LS375,300.0,8.0,0.0816865601919,0.203320750215,17991
A300w12.00_HSNL3,LS375,300.0,8.5,0.0914761486306,0.206889689201,17989
A300w12.00_HSTM1,LS375,300.0,9.0,0.100554970063,0.210811428057,17988
A300w12.00_HSTMA,LS375,300.0,9.5,0.111077547786,0.21518832608,17995
A300w12.00_HShen,LS375,300.0,10.0,0.120615336937,0.220021932987,15025
A300w12.00_HShenH,LS375,300.0,10.5,0.130802881043,0.22542308658,14977
A300w12.00_LS180,LS375,300.0,11.0,0.141460513436,0.23144798810699999,19884
A300w12.00_LS220,LS375,300.0,11.5,0.151205574721,0.238182619336,19785
A300w12.00_LS375,LS375,300.0,12.0,0.161530492781,0.2457879756,19601
A300w12.00_SFHo,LS375,300.0,12.5,0.1708132448,0.254406343023,17985
A300w12.00_SFHx,LS375,300.0,13.0,0.179929397665,0.264189790919,17981
A300w12.50_BHBL,LS375,300.0,13.5,0.188882211257,0.27525379511,18320
A300w12.50_BHBLP,LS375,300.0,14.0,0.196539162742,0.28800712941699996,18321
A300w12.50_GShenFSU1.7,LS375,300.0,14.5,0.203785237767,0.303384941361,27073
A300w12.50_GShenFSU2.1,LS375,300.0,15.0,0.210572650137,0.3220871189,27077
A300w12.50_GShenNL3,LS375,300.0,15.5,0.213208628896,0.34444915375,31730
A300w12.50_HSDD2,LS375,467.0,0.5,0.000644537368565,0.18012617820899998,18333
A300w12.50_HSFSG,LS375,467.0,1.0,0.00257626294574,0.180643505614,18336
A300w12.50_HSIUF,LS375,467.0,1.5,0.00573308238392,0.18150802615699999,18338
A300w12.50_HSNL3,LS375,467.0,2.0,0.0100238781389,0.182743628418,18332
A300w12.50_HSTM1,LS375,467.0,2.5,0.015613563055,0.184371180246,18332
A300w12.50_HSTMA,LS375,467.0,3.0,0.0220047046631,0.186394138273,18333
A300w12.50_HShen,LS375,467.0,3.5,0.0299184117872,0.188881550787,15218
A300w12.50_HShenH,LS375,467.0,4.0,0.0381156802515,0.19182360704100002,15192
A300w12.50_LS180,LS375,467.0,4.5,0.0477669800172,0.195334759431,20436
A300w12.50_LS220,LS375,467.0,5.0,0.0582136108344,0.199467097046,20352
A300w12.50_LS375,LS375,467.0,5.5,0.068316059409,0.20427609963,20159
A300w12.50_SFHo,LS375,467.0,6.0,0.080331852661,0.209941888932,18333
A300w12.50_SFHx,LS375,467.0,6.5,0.0927858494196,0.216590916834,18330
A300w13.00_BHBL,LS375,467.0,7.0,0.105731030027,0.22445388206199998,18694
A300w13.00_BHBLP,LS375,467.0,7.5,0.120015319032,0.233858027524,18694
A300w13.00_GShenFSU1.7,LS375,467.0,8.0,0.132902132679,0.245165931388,28304
A300w13.00_GShenFSU2.1,LS375,467.0,8.5,0.145694436274,0.25906766524,28306
A300w13.00_GShenNL3,LS375,467.0,9.0,0.158940542615,0.276433823278,33531
A300w13.00_HSDD2,LS375,467.0,9.5,0.170084035153,0.298451075239,18708
A300w13.00_HSFSG,LS375,467.0,10.0,0.181704954307,0.327650075898,18712
A300w13.00_HSIUF,LS375,467.0,10.5,0.191756591658,0.36746065437099995,18710
A300w13.00_HSNL3,LS375,467.0,11.0,0.1994087618,0.420094957811,18710
A300w13.00_HSTM1,LS375,467.0,11.5,0.205763497586,0.496728808524,18708
A300w13.00_HShen,LS375,634.0,0.5,0.000808930758654,0.180212742803,15425
A300w13.00_HShenH,LS375,634.0,1.0,0.00322727558808,0.180997663064,15354
A300w13.00_LS180,LS375,634.0,1.5,0.00714792790062,0.182318586353,21064
A300w13.00_LS220,LS375,634.0,2.0,0.0126868844957,0.18423587023600002,20995
A300w13.00_LS375,LS375,634.0,2.5,0.019319385703,0.186745486288,20798
A300w13.00_SFHo,LS375,634.0,3.0,0.0277538053266,0.189971162991,18706
A300w13.00_SFHx,LS375,634.0,3.5,0.0366306717871,0.193964624716,18703
A300w13.50_BHBL,LS375,634.0,4.0,0.0472898456726,0.198887399114,19110
A300w13.50_BHBLP,LS375,634.0,4.5,0.0588431119139,0.20491221942799998,19106
A300w13.50_GShenFSU1.7,LS375,634.0,5.0,0.0711453650637,0.212303818609,29719
A300w13.50_GShenFSU2.1,LS375,634.0,5.5,0.0843412954471,0.221408339151,29715
A300w13.50_GShenNL3,LS375,634.0,6.0,0.098989676889,0.23281652452899998,35406
A300w13.50_HSDD2,LS375,634.0,6.5,0.113951721221,0.247403536054,19124
A300w13.50_HSFSG,LS375,634.0,7.0,0.127658029817,0.266637866632,19122
A300w13.50_HSIUF,LS375,634.0,7.5,0.141792051286,0.293226521205,19123
A300w13.50_HSNL3,LS375,634.0,8.0,0.154542336228,0.332148740674,19121
A300w13.50_HSTM1,LS375,634.0,8.5,0.165468066103,0.391573015155,19120
A300w13.50_HSTMA,LS375,634.0,9.0,0.178367049028,0.47318572787,19127
A300w13.50_HShenH,LS375,1268.0,0.5,0.00102934909925,0.180430067789,15633
A300w13.50_LS180,LS375,1268.0,1.0,0.00409831370606,0.181869209312,21797
A300w13.50_LS220,LS375,1268.0,1.5,0.00924246529218,0.184374631219,21725
A300w13.50_LS375,LS375,1268.0,2.0,0.0158862317485,0.188029351155,21519
A300w13.50_SFHo,LS375,1268.0,2.5,0.0246489355141,0.193095030736,19126
A300w13.50_SFHx,LS375,1268.0,3.0,0.0342163340951,0.19987948849,19113
A300w14.00_BHBL,LS375,1268.0,3.5,0.0456785738442,0.208974419327,19567
A300w14.00_BHBLP,LS375,1268.0,4.0,0.0593259735667,0.221345429274,19566
A300w14.00_GShenFSU1.7,LS375,1268.0,4.5,0.0728640268655,0.238722821221,31309
A300w14.00_GShenFSU2.1,LS375,1268.0,5.0,0.0874358515702,0.265001603438,31336
A300w14.00_GShenNL3,LS375,1268.0,5.5,0.102312776379,0.31051773532,37843
A300w14.00_HSDD2,LS375,1268.0,6.0,0.116240443013,0.410849830879,19582
A300w14.00_HSIUF,LS375,10000.0,0.5,0.00112729482595,0.180633846865,19580
A300w14.00_HSNL3,LS375,10000.0,1.0,0.00447125753911,0.182724539139,19580
A300w14.00_HSTM1,LS375,10000.0,1.5,0.0100490406614,0.186408246636,19582
A300w14.00_HSTMA,LS375,10000.0,2.0,0.0171731291167,0.19198825909300002,19588
A300w14.00_HShen,LS375,10000.0,2.5,0.0265077144044,0.200092053735,15881
A300w14.00_HShenH,LS375,10000.0,3.0,0.0373990963473,0.21183053173,15865
A300w14.00_LS180,LS375,10000.0,3.5,0.0496176350179,0.22951363009700002,22655
A300w14.00_LS220,LS375,10000.0,4.0,0.0619630148784,0.259006690903,22580
A300w14.00_LS375,LS375,10000.0,4.5,0.0751067120307,0.324262278254,22348
A300w14.50_BHBL,HShen,300.0,0.5,0.00036160184386,0.147297231492,20070
A300w14.50_BHBLP,HShen,300.0,1.0,0.00144065989713,0.14742455119300002,20073
A300w14.50_GShenFSU1.7,HShen,300.0,1.5,0.0032292277197,0.147657562031,33415
A300w14.50_GShenFSU2.1,HShen,300.0,2.0,0.00569569540279,0.14795113425700002,33419
A300w14.50_GShenNL3,HShen,300.0,2.5,0.00882023300104,0.14833254945799998,42268
A300w14.50_HSDD2,HShen,300.0,3.0,0.0125725839586,0.148802633768,20092
A300w14.50_HSFSG,HShen,300.0,3.5,0.0169098504201,0.149364295343,20093
A300w14.50_HSIUF,HShen,300.0,4.0,0.0218232116065,0.150013742517,20091
A300w14.50_HSNL3,HShen,300.0,4.5,0.0274414649055,0.150775062464,20088
A300w14.50_HSTM1,HShen,300.0,5.0,0.0333544228212,0.151614805702,20090
A300w14.50_HSTMA,HShen,300.0,5.5,0.0397452299095,0.152546841675,20096
A300w14.50_HShen,HShen,300.0,6.0,0.046951018658,0.15360913152699998,16141
A300w14.50_HShenH,HShen,300.0,6.5,0.0540508612467,0.154746146628,16130
A300w14.50_LS180,HShen,300.0,7.0,0.0615869241364,0.156000771723,23646
A300w14.50_LS220,HShen,300.0,7.5,0.0701642143176,0.157386614506,23609
A300w14.50_LS375,HShen,300.0,8.0,0.0784179075142,0.158869400026,23351
A300w14.50_SFHo,HShen,300.0,8.5,0.0877802453395,0.160499844127,20085
A300w14.50_SFHx,HShen,300.0,9.0,0.0966563445898,0.162237155816,20086
A300w15.00_BHBL,HShen,300.0,9.5,0.106578444702,0.164138339665,20636
A300w15.00_BHBLP,HShen,300.0,10.0,0.116013512414,0.166162617944,20632
A300w15.00_GShenFSU1.7,HShen,300.0,10.5,0.126039586719,0.168357888162,35790
A300w15.00_GShenFSU2.1,HShen,300.0,11.0,0.136228082298,0.170726765578,35791
A300w15.00_GShenNL3,HShen,300.0,11.5,0.146016953741,0.173270556342,56839
A300w15.00_HSDD2,HShen,300.0,12.0,0.155906973488,0.175997538128,20657
A300w15.00_HSFSG,HShen,300.0,12.5,0.165240741361,0.17895764329599997,20657
A300w15.00_HSIUF,HShen,300.0,13.0,0.174164968845,0.18214806972900002,20663
A300w15.00_HSNL3,HShen,300.0,13.5,0.182904022757,0.18558134198499998,20657
A300w15.00_HSTM1,HShen,300.0,14.0,0.190789858473,0.18929717490300002,20653
A300w15.00_HSTMA,HShen,300.0,14.5,0.198660962363,0.19331750235,20658
A300w15.00_HShen,HShen,300.0,15.0,0.204983777595,0.19767358221999998,16420
A300w15.00_HShenH,HShen,300.0,15.5,0.209741921123,0.202277935724,16405
A300w15.00_LS180,HShen,467.0,0.5,0.000629137369863,0.147344961118,24803
A300w15.00_LS220,HShen,467.0,1.0,0.00252632499532,0.14763950629000003,24846
A300w15.00_LS375,HShen,467.0,1.5,0.00562033058167,0.148095979331,24569
A300w15.00_SFHo,HShen,467.0,2.0,0.00984027560114,0.14873933222299998,20654
A300w15.00_SFHx,HShen,467.0,2.5,0.0151810349246,0.14957719181499998,20650
A300w15.50_BHBL,HShen,467.0,3.0,0.0217939870551,0.150635804108,21266
A300w15.50_BHBLP,HShen,467.0,3.5,0.0290263878237,0.15188264921300001,21265
A300w15.50_GShenFSU1.7,HShen,467.0,4.0,0.0377470058034,0.153371140026,39318
A300w15.50_GShenFSU2.1,HShen,467.0,4.5,0.0466009422207,0.155065759669,39318
A300w15.50_GShenNL3,HShen,467.0,5.0,0.0570288402476,0.15703634878400002,74434
A300w15.50_HSDD2,HShen,467.0,5.5,0.0680592075419,0.159271635992,21291
A300w15.50_HSFSG,HShen,467.0,6.0,0.0797788802905,0.161804937326,21289
A300w15.50_HSIUF,HShen,467.0,6.5,0.0920546118605,0.164649635262,21288
A300w15.50_HSNL3,HShen,467.0,7.0,0.105167982713,0.167844994966,21284
A300w15.50_HSTM1,HShen,467.0,7.5,0.118095832384,0.171431222395,21288
A300w15.50_HSTMA,HShen,467.0,8.0,0.131808154683,0.175477881328,21297
A300w15.50_HShen,HShen,467.0,8.5,0.144692658124,0.18002948685499998,16726
A300w15.50_HShenH,HShen,467.0,9.0,0.156677452919,0.18517611736999998,16716
A300w15.50_LS180,HShen,467.0,9.5,0.169748935454,0.1909958929,26204
A300w15.50_LS220,HShen,467.0,10.0,0.180051233758,0.197639473096,26322
A300w15.50_LS375,HShen,467.0,10.5,0.190151774977,0.205260519319,26042
A300w15.50_SFHo,HShen,467.0,11.0,0.198542943489,0.214090399828,21287
A300w15.50_SFHx,HShen,467.0,11.5,0.205700525263,0.224366464542,21285
A300w2.00_BHBLP,HShen,634.0,0.5,0.000799034540332,0.147390883739,15014
A300w2.00_GShenFSU1.7,HShen,634.0,1.0,0.00321657459686,0.147825004772,18588
A300w2.00_GShenFSU2.1,HShen,634.0,1.5,0.00711872892269,0.148514621898,18591
A300w2.00_GShenNL3,HShen,634.0,2.0,0.0124576470133,0.149495235331,19651
A300w2.00_HSDD2,HShen,634.0,2.5,0.0194320043279,0.150800378479,15021
A300w2.00_HSFSG,HShen,634.0,3.0,0.0272998803491,0.15240411929300002,15017
A300w2.00_HSIUF,HShen,634.0,3.5,0.0368018010842,0.154373250236,15018
A300w2.00_HSNL3,HShen,634.0,4.0,0.0476310556058,0.15672162918000002,15018
A300w2.00_HSTM1,HShen,634.0,4.5,0.0592999393814,0.15947876727100002,15016
A300w2.00_HSTMA,HShen,634.0,5.0,0.0718490480004,0.162701299734,15020
A300w2.00_HShen,HShen,634.0,5.5,0.0850874988303,0.16644857670799998,13218
A300w2.00_HShenH,HShen,634.0,6.0,0.0984640200115,0.170790420979,13210
A300w2.00_LS180,HShen,634.0,6.5,0.113326094464,0.17585311338700002,15625
A300w2.00_LS220,HShen,634.0,7.0,0.128944160896,0.181774726354,15529
A300w2.00_LS375,HShen,634.0,7.5,0.142429595852,0.188713319866,15403
A300w2.00_SFHo,HShen,634.0,8.0,0.154002086156,0.19693551739700002,15021
A300w2.00_SFHx,HShen,634.0,8.5,0.168218323368,0.20676846571799998,15013
A300w2.50_BHBL,HShen,634.0,9.0,0.179004988749,0.218759729408,15050
A300w2.50_BHBLP,HShen,634.0,9.5,0.188205952932,0.23372093939000002,15051
A300w2.50_GShenFSU1.7,HShen,1268.0,0.5,0.00103480865558,0.147500827512,18664
A300w2.50_GShenFSU2.1,HShen,1268.0,1.0,0.0041656128952,0.148265792509,18661
A300w2.50_GShenNL3,HShen,1268.0,1.5,0.00917470062974,0.149528501836,19766
A300w2.50_HSDD2,HShen,1268.0,2.0,0.015870323994,0.151347437692,15058
A300w2.50_HSFSG,HShen,1268.0,2.5,0.0246020368427,0.15379823171499998,15057
A300w2.50_HSIUF,HShen,1268.0,3.0,0.0348955229979,0.15694268683100002,15056
A300w2.50_HSNL3,HShen,1268.0,3.5,0.0468285522731,0.16089243851399998,15057
A300w2.50_HSTM1,HShen,1268.0,4.0,0.0596787848499,0.165805026882,15054
A300w2.50_HSTMA,HShen,1268.0,4.5,0.0741815317569,0.171925072691,15060
A300w2.50_HShen,HShen,1268.0,5.0,0.0891861401295,0.179579496737,13246
A300w2.50_HShenH,HShen,1268.0,5.5,0.104147498935,0.18927875439300001,13236
A300w2.50_LS180,HShen,1268.0,6.0,0.120545653119,0.2019211811,15674
A300w2.50_LS220,HShen,1268.0,6.5,0.134082349848,0.219019200933,15572
A300w2.50_LS375,HShen,10000.0,0.5,0.00114004391327,0.147598681683,15451
A300w2.50_SFHo,HShen,10000.0,1.0,0.00458230891987,0.148664278248,15056
A300w2.50_SFHx,HShen,10000.0,1.5,0.0100458712605,0.150456329501,15048
A300w3.00_BHBL,HShen,10000.0,2.0,0.0177506947536,0.15309704452200001,15097
A300w3.00_BHBLP,HShen,10000.0,2.5,0.0266039650221,0.15667930355499998,15102
A300w3.00_GShenFSU1.7,HShen,10000.0,3.0,0.0376649256721,0.16144465611499997,18758
A300w3.00_GShenFSU2.1,HShen,10000.0,3.5,0.0510566538824,0.16769866306200001,18759
A300w3.00_GShenNL3,HShen,10000.0,4.0,0.0641805959313,0.175903978031,19832
A300w3.00_HSDD2,HShen,10000.0,4.5,0.078806578869,0.186952048025,15100
A300w3.00_HSFSG,HShen,10000.0,5.0,0.0932279594358,0.20240541278000002,15103
A300w3.00_HSIUF,HShen,10000.0,5.5,0.108727644897,0.225910924075,15103
A300w3.00_HSNL3,HShenH,300.0,0.5,0.000361740307912,0.147154377635,15102
A300w3.00_HSTM1,HShenH,300.0,1.0,0.00144155605292,0.14728184998699997,15099
A300w3.00_HSTMA,HShenH,300.0,1.5,0.00322987639617,0.147512843703,15104
A300w3.00_HShen,HShenH,300.0,2.0,0.00569820647124,0.147807444333,13277
A300w3.00_HShenH,HShenH,300.0,2.5,0.00882629127458,0.14818973390100001,13264
A300w3.00_LS180,HShenH,300.0,3.0,0.012563777034,0.14865873441299998,15734
A300w3.00_LS220,HShenH,300.0,3.5,0.0169109362921,0.149217949021,15635
A300w3.00_LS375,HShenH,300.0,4.0,0.0218117107294,0.149864492326,15506
A300w3.00_SFHo,HShenH,300.0,4.5,0.0274550492601,0.15062818800299999,15102
A300w3.00_SFHx,HShenH,300.0,5.0,0.0333464981574,0.151464912827,15098
A300w3.50_BHBL,HShenH,300.0,5.5,0.0397330556285,0.152395828457,15153
A300w3.50_BHBLP,HShenH,300.0,6.0,0.0469667256607,0.153456307747,15154
A300w3.50_GShenFSU1.7,HShenH,300.0,6.5,0.0541219173783,0.154591006175,18876
A300w3.50_GShenFSU2.1,HShenH,300.0,7.0,0.0615925049325,0.155842240374,18870
A300w3.50_GShenNL3,HShenH,300.0,7.5,0.0701782114268,0.15722706631400002,19967
A300w3.50_HSDD2,HShenH,300.0,8.0,0.0783827782378,0.15870821719,15158
A300w3.50_HSFSG,HShenH,300.0,8.5,0.0877919225355,0.16033471050200002,15155
A300w3.50_HSIUF,HShenH,300.0,9.0,0.0966460763571,0.16206912253199998,15158
A300w3.50_HSNL3,HShenH,300.0,9.5,0.106578544879,0.163965856879,15158
A300w3.50_HSTM1,HShenH,300.0,10.0,0.116138157425,0.165986594317,15154
A300w3.50_HSTMA,HShenH,300.0,10.5,0.126154114431,0.168178734572,15161
A300w3.50_HShen,HShenH,300.0,11.0,0.13627917429,0.170543191703,13310
A300w3.50_HShenH,HShenH,300.0,11.5,0.146152916724,0.173082269778,13304
A300w3.50_LS180,HShenH,300.0,12.0,0.155766105869,0.175800035879,15805
A300w3.50_LS220,HShenH,300.0,12.5,0.165424500278,0.178759022565,15707
A300w3.50_LS375,HShenH,300.0,13.0,0.17431339889,0.18194450554900002,15578
A300w3.50_SFHo,HShenH,300.0,13.5,0.182941889052,0.185366381486,15159
A300w3.50_SFHx,HShenH,300.0,14.0,0.19099696716,0.189080298094,15152
A300w4.00_BHBL,HShenH,300.0,14.5,0.198532738973,0.193083846279,15216
A300w4.00_BHBLP,HShenH,300.0,15.0,0.20510459806,0.197425893486,15219
A300w4.00_GShenFSU1.7,HShenH,300.0,15.5,0.210951103065,0.202058717709,19007
A300w4.00_GShenFSU2.1,HShenH,467.0,0.5,0.000629557540127,0.1472023173,19004
A300w4.00_GShenNL3,HShenH,467.0,1.0,0.00252714325033,0.147495909651,20104
A300w4.00_HSDD2,HShenH,467.0,1.5,0.00562200631395,0.14795227124,15220
A300w4.00_HSFSG,HShenH,467.0,2.0,0.0098407962506,0.148595464223,15221
A300w4.00_HSIUF,HShenH,467.0,2.5,0.01518231495,0.14943036329099998,15221
A300w4.00_HSNL3,HShenH,467.0,3.0,0.0218016103366,0.150488131424,15222
A300w4.00_HSTM1,HShenH,467.0,3.5,0.0290304941619,0.151730097632,15221
A300w4.00_HSTMA,HShenH,467.0,4.0,0.037770409721,0.153215844526,15227
A300w4.00_HShen,HShenH,467.0,4.5,0.0466706795321,0.154909917424,13354
A300w4.00_HShenH,HShenH,467.0,5.0,0.0570334774557,0.156872372814,13346
A300w4.00_LS180,HShenH,467.0,5.5,0.0680751890584,0.15910693778,15890
A300w4.00_LS220,HShenH,467.0,6.0,0.0797438624618,0.161628793068,15790
A300w4.00_LS375,HShenH,467.0,6.5,0.092083141791,0.164466379439,15661
A300w4.00_SFHo,HShenH,467.0,7.0,0.105195103171,0.167658192269,15220
A300w4.00_SFHx,HShenH,467.0,7.5,0.118122115341,0.171234672476,15216
A300w4.50_BHBL,HShenH,467.0,8.0,0.131797678029,0.175275399017,15290
A300w4.50_BHBLP,HShenH,467.0,8.5,0.144742614006,0.179816484127,15288
A300w4.50_GShenFSU1.7,HShenH,467.0,9.0,0.156176557138,0.184945770912,19160
A300w4.50_GShenFSU2.1,HShenH,467.0,9.5,0.167980038014,0.19076535020500002,19161
A300w4.50_GShenNL3,HShenH,467.0,10.0,0.180027744297,0.19737751533700001,20328
A300w4.50_HSDD2,HShenH,467.0,10.5,0.190116260309,0.204988143415,15296
A300w4.50_HSFSG,HShenH,467.0,11.0,0.198623180983,0.213774462764,15300
A300w4.50_HSIUF,HShenH,467.0,11.5,0.205701163533,0.224014701433,15296
A300w4.50_HSTM1,HShenH,634.0,0.5,0.000800472087648,0.147248174167,15294
A300w4.50_HSTMA,HShenH,634.0,1.0,0.00321965747932,0.147680363145,15296
A300w4.50_HShen,HShenH,634.0,1.5,0.00711741252656,0.14837038732900001,13403
A300w4.50_HShenH,HShenH,634.0,2.0,0.0124556019908,0.14934617495500002,13395
A300w4.50_LS180,HShenH,634.0,2.5,0.0194399451031,0.150650696754,15988
A300w4.50_LS220,HShenH,634.0,3.0,0.0272648001646,0.15225033023,15884
A300w4.50_LS375,HShenH,634.0,3.5,0.0367942728749,0.154216590183,15752
A300w4.50_SFHo,HShenH,634.0,4.0,0.0476242763023,0.156558890328,15293
A300w4.50_SFHx,HShenH,634.0,4.5,0.0592943175111,0.159310448654,15292
A300w5.00_BHBL,HShenH,634.0,5.0,0.0717633156949,0.162523373305,15374
A300w5.00_BHBLP,HShenH,634.0,5.5,0.0851004269973,0.166256408072,15376
A300w5.00_GShenFSU1.7,HShenH,634.0,6.0,0.0984323973739,0.17058673358999998,19334
A300w5.00_GShenFSU2.1,HShenH,634.0,6.5,0.113323563727,0.17563836449300002,19335
A300w5.00_GShenNL3,HShenH,634.0,7.0,0.128956446097,0.181545855185,20494
A300w5.00_HSDD2,HShenH,634.0,7.5,0.14241101835,0.188463548766,15382
A300w5.00_HSFSG,HShenH,634.0,8.0,0.153951455237,0.196660205373,15383
A300w5.00_HSIUF,HShenH,634.0,8.5,0.168242845674,0.206453508312,15382
A300w5.00_HSNL3,HShenH,634.0,9.0,0.178873990779,0.218407501599,15379
A300w5.00_HSTM1,HShenH,634.0,9.5,0.188226258173,0.233307764173,15376
A300w5.00_HSTMA,HShenH,1268.0,0.5,0.00103483693999,0.14735849359900002,15382
A300w5.00_HShen,HShenH,1268.0,1.0,0.00416573800998,0.14812027864500002,13461
A300w5.00_HShenH,HShenH,1268.0,1.5,0.00917635544282,0.149378449054,13447
A300w5.00_LS180,HShenH,1268.0,2.0,0.0159027375916,0.151194282718,16095
A300w5.00_LS220,HShenH,1268.0,2.5,0.0246191828103,0.153635664221,15993
A300w5.00_LS375,HShenH,1268.0,3.0,0.0349880530116,0.156774868695,15861
A300w5.00_SFHo,HShenH,1268.0,3.5,0.0468623731711,0.160710264725,15378
A300w5.00_SFHx,HShenH,1268.0,4.0,0.0597498220076,0.165607668717,15371
A300w5.50_BHBL,HShenH,1268.0,4.5,0.0741798081524,0.171707785448,15470
A300w5.50_BHBLP,HShenH,1268.0,5.0,0.0891903670724,0.179340979256,15472
A300w5.50_GShenFSU1.7,HShenH,1268.0,5.5,0.104137013636,0.188995500924,19538
A300w5.50_GShenFSU2.1,HShenH,1268.0,6.0,0.120611116965,0.201579843324,19537
A300w5.50_GShenNL3,HShenH,1268.0,6.5,0.134051401213,0.218593742797,20791
A300w5.50_HSDD2,HShenH,10000.0,0.5,0.00113823213845,0.147453768147,15473
A300w5.50_HSFSG,HShenH,10000.0,1.0,0.00458011254889,0.148517999844,15473
A300w5.50_HSIUF,HShenH,10000.0,1.5,0.0100391605166,0.150302540258,15477
A300w5.50_HSNL3,HShenH,10000.0,2.0,0.0177497157872,0.15293743334499998,15470
A300w5.50_HSTM1,HShenH,10000.0,2.5,0.0265652521225,0.156506002301,15469
A300w5.50_HSTMA,HShenH,10000.0,3.0,0.0376677730232,0.16125441289599998,15474
A300w5.50_HShen,HShenH,10000.0,3.5,0.051018203341,0.167483881124,13517
A300w5.50_HShenH,HShenH,10000.0,4.0,0.0642212609665,0.17565515164999998,13507
A300w5.50_LS180,HShenH,10000.0,4.5,0.078775700802,0.18664512737199998,16223
A300w5.50_LS220,HShenH,10000.0,5.0,0.093330718547,0.202024932716,16115
A300w5.50_LS375,HShenH,10000.0,5.5,0.108741470877,0.225342520611,15983
A300w5.50_SFHo,SFHx,300.0,0.5,0.000382767084913,0.17434873209500001,15474
A300w5.50_SFHx,SFHx,300.0,1.0,0.0015231502309,0.174537250071,15470
A300w6.00_BHBL,SFHx,300.0,1.5,0.00343032898137,0.174858707491,15571
A300w6.00_BHBLP,SFHx,300.0,2.0,0.00602952092756,0.175319093454,15575
A300w6.00_GShenFSU1.7,SFHx,300.0,2.5,0.00934690969334,0.175901468142,19761
A300w6.00_GShenFSU2.1,SFHx,300.0,3.0,0.0132922350728,0.176616363497,19763
A300w6.00_GShenNL3,SFHx,300.0,3.5,0.0178720760588,0.177464436183,21272
A300w6.00_HSDD2,SFHx,300.0,4.0,0.0230163727094,0.178456315335,15576
A300w6.00_HSFSG,SFHx,300.0,4.5,0.0291798353149,0.179611601083,15580
A300w6.00_HSIUF,SFHx,300.0,5.0,0.0353440290312,0.180895815626,15578
A300w6.00_HSNL3,SFHx,300.0,5.5,0.0421094153014,0.182339262576,15580
A300w6.00_HSTM1,SFHx,300.0,6.0,0.0494508168347,0.183952980058,15577
A300w6.00_HSTMA,SFHx,300.0,6.5,0.0576770064911,0.18575370728799998,15579
A300w6.00_HShen,SFHx,300.0,7.0,0.0655608121036,0.187721777043,13586
A300w6.00_HShenH,SFHx,300.0,7.5,0.0739381366913,0.18988653859,13576
A300w6.00_LS180,SFHx,300.0,8.0,0.0835122195858,0.19227658113999999,16363
A300w6.00_LS220,SFHx,300.0,8.5,0.092428756065,0.194880490022,16257
A300w6.00_LS375,SFHx,300.0,9.0,0.102971124344,0.19773373836299998,16119
A300w6.00_SFHo,SFHx,300.0,9.5,0.111960946891,0.20081835231900003,15578
A300w6.00_SFHx,SFHx,300.0,10.0,0.122760335991,0.204215625227,15574
A300w6.50_BHBL,SFHx,300.0,10.5,0.132678256957,0.207910214647,15692
A300w6.50_BHBLP,SFHx,300.0,11.0,0.143106892092,0.211942516706,15690
A300w6.50_GShenFSU1.7,SFHx,300.0,11.5,0.153009397722,0.216362676044,20015
A300w6.50_GShenFSU2.1,SFHx,300.0,12.0,0.163429711236,0.22116664164,20017
A300w6.50_GShenNL3,SFHx,300.0,12.5,0.17292227119,0.226447929357,21597
A300w6.50_HSDD2,SFHx,300.0,13.0,0.18182490167,0.232246016167,15695
A300w6.50_HSFSG,SFHx,300.0,13.5,0.190307763062,0.23863357264499999,15695
A300w6.50_HSIUF,SFHx,300.0,14.0,0.197719667249,0.245676151979,15696
A300w6.50_HSNL3,SFHx,300.0,14.5,0.200864153699,0.253453120907,15694
A300w6.50_HSTM1,SFHx,300.0,15.0,0.205304518042,0.26205762265300003,15691
A300w6.50_HSTMA,SFHx,300.0,15.5,0.210097557886,0.271734357476,15698
A300w6.50_HShen,SFHx,467.0,0.5,0.000656438339432,0.174424631623,13657
A300w6.50_HShenH,SFHx,467.0,1.0,0.00260437495026,0.17484300589399998,13649
A300w6.50_LS180,SFHx,467.0,1.5,0.0058839265156,0.17556995304099998,16520
A300w6.50_LS220,SFHx,467.0,2.0,0.0102887870088,0.176567277056,16407
A300w6.50_LS375,SFHx,467.0,2.5,0.0158068846512,0.177864741855,16269
A300w6.50_SFHo,SFHx,467.0,3.0,0.0224097660245,0.179488972941,15690
A300w6.50_SFHx,SFHx,467.0,3.5,0.0303727267535,0.181465808769,15687
A300w7.00_BHBL,SFHx,467.0,4.0,0.0389100725024,0.183788729282,15816
A300w7.00_BHBLP,SFHx,467.0,4.5,0.0490028813812,0.18651964668499998,15817
A300w7.00_GShenFSU1.7,SFHx,467.0,5.0,0.0590554829307,0.18967228629400001,20297
A300w7.00_GShenFSU2.1,SFHx,467.0,5.5,0.0706206344959,0.193327991874,20299
A300w7.00_GShenNL3,SFHx,467.0,6.0,0.0832066088254,0.197530788224,21971
A300w7.00_HSDD2,SFHx,467.0,6.5,0.0960200768603,0.202339697812,15823
A300w7.00_HSFSG,SFHx,467.0,7.0,0.109697522983,0.207854819128,15825
A300w7.00_HSIUF,SFHx,467.0,7.5,0.123131643016,0.21419330274099999,15826
A300w7.00_HSNL3,SFHx,467.0,8.0,0.137032843742,0.221512534652,15817
A300w7.00_HSTM1,SFHx,467.0,8.5,0.149969476635,0.230031822394,15819
A300w7.00_HSTMA,SFHx,467.0,9.0,0.163727381283,0.23994190487,15822
A300w7.00_HShen,SFHx,467.0,9.5,0.17560064256,0.251718519872,13735
A300w7.00_HShenH,SFHx,467.0,10.0,0.187066620156,0.26576034534500004,13728
A300w7.00_LS180,SFHx,467.0,10.5,0.196706901136,0.282795408289,16695
A300w7.00_LS220,SFHx,467.0,11.0,0.20607243865,0.303655311202,16581
A300w7.00_LS375,SFHx,467.0,11.5,0.20846892743,0.329753488091,16442
A300w7.00_SFHx,SFHx,634.0,0.5,0.000827208738472,0.174499299879,15817
A300w7.50_BHBL,SFHx,634.0,1.0,0.00330029801312,0.175144314337,15957
A300w7.50_BHBLP,SFHx,634.0,1.5,0.00739099696522,0.17624846581599998,15957
A300w7.50_GShenFSU1.7,SFHx,634.0,2.0,0.0128397526431,0.17780584221,20619
A300w7.50_GShenFSU2.1,SFHx,634.0,2.5,0.0197113400666,0.179847837841,20620
A300w7.50_GShenNL3,SFHx,634.0,3.0,0.0282747912571,0.18244376012500002,22396
A300w7.50_HSDD2,SFHx,634.0,3.5,0.0385272521731,0.185638484441,15964
A300w7.50_HSFSG,SFHx,634.0,4.0,0.0487776013879,0.189466727707,15962
A300w7.50_HSIUF,SFHx,634.0,4.5,0.0612917441001,0.194092342596,15962
A300w7.50_HSNL3,SFHx,634.0,5.0,0.0741322935181,0.19960790606200002,15964
A300w7.50_HSTM1,SFHx,634.0,5.5,0.0883121057635,0.206189654991,15959
A300w7.50_HSTMA,SFHx,634.0,6.0,0.102344469613,0.21406542251799998,15966
A300w7.50_HShen,SFHx,634.0,6.5,0.117702382015,0.223583360834,13827
A300w7.50_HShenH,SFHx,634.0,7.0,0.132493035575,0.235210941027,13816
A300w7.50_LS180,SFHx,634.0,7.5,0.147307024794,0.249666428351,16882
A300w7.50_LS220,SFHx,634.0,8.0,0.161074991681,0.26800333294900003,16770
A300w7.50_LS375,SFHx,634.0,8.5,0.174057770255,0.29199734881,16630
A300w7.50_SFHo,SFHx,634.0,9.0,0.184160928758,0.324675616791,15964
A300w7.50_SFHx,SFHx,634.0,9.5,0.19205624163,0.371573129713,15959
A300w8.00_BHBL,SFHx,1268.0,0.5,0.0010596645478,0.174687924691,16112
A300w8.00_BHBLP,SFHx,1268.0,1.0,0.00425149821567,0.175924549407,16114
A300w8.00_GShenFSU1.7,SFHx,1268.0,1.5,0.00938744749066,0.178027754402,20975
A300w8.00_GShenFSU2.1,SFHx,1268.0,2.0,0.0162858585587,0.18107876841999998,20975
A300w8.00_GShenNL3,SFHx,1268.0,2.5,0.0252248357827,0.185249934901,22870
A300w8.00_HSDD2,SFHx,1268.0,3.0,0.0362366468882,0.190742802961,16116
A300w8.00_HSFSG,SFHx,1268.0,3.5,0.0475440045261,0.197855894734,16119
A300w8.00_HSIUF,SFHx,1268.0,4.0,0.0608648319584,0.207136759474,16119
A300w8.00_HSNL3,SFHx,1268.0,4.5,0.0768062418704,0.219407666411,16118
A300w8.00_HSTM1,SFHx,1268.0,5.0,0.0922336835184,0.23608385036600002,16113
A300w8.00_HSTMA,SFHx,1268.0,5.5,0.10745575948,0.259969460306,16121
A300w8.00_HShen,SFHx,1268.0,6.0,0.122259406854,0.29748441257,13923
A300w8.00_HShenH,SFHx,1268.0,6.5,0.138422125363,0.368010298626,13915
A300w8.00_LS180,SFHx,10000.0,0.5,0.00116139630049,0.174876766013,17100
A300w8.00_LS220,SFHx,10000.0,1.0,0.00469302327234,0.176702383332,16983
A300w8.00_LS375,SFHx,10000.0,1.5,0.010227018836,0.179862801468,16835
A300w8.00_SFHo,SFHx,10000.0,2.0,0.0177480839236,0.18459695232,16117
A300w8.00_SFHx,SFHx,10000.0,2.5,0.0274165923979,0.191327572269,16110
A300w8.50_BHBL,SFHx,10000.0,3.0,0.0387342373066,0.200734850561,16278
A300w8.50_BHBLP,SFHx,10000.0,3.5,0.0518011612539,0.214090217972,16280
A300w8.50_GShenFSU1.7,SFHx,10000.0,4.0,0.0649232930263,0.23405064524,21379
A300w8.50_GShenFSU2.1,SFHx,10000.0,4.5,0.0796610552979,0.267450394435,21377
A300w8.50_GShenNL3,SFHx,10000.0,5.0,0.092142529746,0.342172527935,23417
A300w8.50_HSFSG,GShenNL3,300.0,0.5,0.000353504300529,0.245784437426,16287
A300w8.50_HSIUF,GShenNL3,300.0,1.0,0.00140880038728,0.2462664426,16290
A300w8.50_HSNL3,GShenNL3,300.0,1.5,0.00315719221113,0.247053459309,16283
A300w8.50_HSTM1,GShenNL3,300.0,2.0,0.00558650076639,0.24818272786700002,16282
A300w8.50_HSTMA,GShenNL3,300.0,2.5,0.00864351901064,0.249640735118,16283
A300w8.50_HShen,GShenNL3,300.0,3.0,0.0122922872187,0.251440409017,14029
A300w8.50_HShenH,GShenNL3,300.0,3.5,0.0165314569458,0.253595588118,13780
A300w8.50_LS180,GShenNL3,300.0,4.0,0.021305592152,0.256150738063,17333
A300w8.50_LS220,GShenNL3,300.0,4.5,0.0268888272147,0.259126036543,17216
A300w8.50_LS375,GShenNL3,300.0,5.0,0.0326318295633,0.262521423335,17064
A300w8.50_SFHo,GShenNL3,300.0,5.5,0.0388786188876,0.2664095512,16284
A300w8.50_SFHx,GShenNL3,300.0,6.0,0.0460725222049,0.270874178216,16279
A300w9.00_BHBL,GShenNL3,300.0,6.5,0.0531548372696,0.275903947476,16463
A300w9.00_BHBLP,GShenNL3,300.0,7.0,0.0613865569247,0.281642321648,16458
A300w9.00_GShenFSU1.7,GShenNL3,300.0,7.5,0.0691990828144,0.288115078502,21823
A300w9.00_GShenFSU2.1,GShenNL3,300.0,8.0,0.078305763288,0.295440249915,21822
A300w9.00_GShenNL3,GShenNL3,300.0,8.5,0.086672658971,0.303738007116,24032
A300w9.00_HSDD2,GShenNL3,300.0,9.0,0.0953432511109,0.31316146017,16470
A300w9.00_HSFSG,GShenNL3,300.0,9.5,0.105530765068,0.323920580573,16471
A300w9.00_HSIUF,GShenNL3,300.0,10.0,0.115905546381,0.336138247402,16473
A300w9.00_HSNL3,GShenNL3,300.0,10.5,0.125064932779,0.35002915289,16466
A300w9.00_HSTM1,GShenNL3,300.0,11.0,0.135431511325,0.36606298796700004,16469
A300w9.00_HSTMA,GShenNL3,300.0,11.5,0.145766598304,0.384596194012,16476
A300w9.00_HShen,GShenNL3,300.0,12.0,0.155247605831,0.406049267574,14140
A300w9.00_HShenH,GShenNL3,300.0,12.5,0.165252926495,0.43098634748000003,13920
A300w9.00_LS180,GShenNL3,300.0,13.0,0.173694190328,0.458518966542,17594
A300w9.00_LS220,GShenNL3,300.0,13.5,0.182129873781,0.489414614633,17480
A300w9.00_LS375,GShenNL3,300.0,14.0,0.191621421191,0.524408913164,17324
A300w9.00_SFHo,GShenNL3,300.0,14.5,0.199267597541,0.59202385653,16469
A300w9.00_SFHx,GShenNL3,300.0,15.0,0.205630892599,0.814520389372,16462
A300w9.50_BHBLP,GShenNL3,467.0,0.5,0.000613307548999,0.245983566993,16666
A300w9.50_GShenFSU1.7,GShenNL3,467.0,1.0,0.00243488587959,0.247056636151,22329
A300w9.50_GShenFSU2.1,GShenNL3,467.0,1.5,0.00549522276921,0.248876632274,22329
A300w9.50_GShenNL3,GShenNL3,467.0,2.0,0.00961511913656,0.251466851029,24634
A300w9.50_HSDD2,GShenNL3,467.0,2.5,0.0147918091764,0.254875632555,16671
A300w9.50_HSFSG,GShenNL3,467.0,3.0,0.0213174556244,0.25925045424899995,16671
A300w9.50_HSIUF,GShenNL3,467.0,3.5,0.0283735720504,0.26463167549,16674
A300w9.50_HSNL3,GShenNL3,467.0,4.0,0.0369733898785,0.271238048146,16668
A300w9.50_HSTM1,GShenNL3,467.0,4.5,0.0456004861695,0.27925735568099996,16673
A300w9.50_HSTMA,GShenNL3,467.0,5.0,0.0560527604809,0.289040575207,16675
A300w9.50_HShen,GShenNL3,467.0,5.5,0.0673224491181,0.30093679262199996,14260
A300w9.50_HShenH,GShenNL3,467.0,6.0,0.0790652128293,0.315518009406,14087
A300w9.50_LS180,GShenNL3,467.0,6.5,0.0913788799769,0.333428641819,17880
A300w9.50_LS220,GShenNL3,467.0,7.0,0.104213713935,0.355721664497,17762
A300w9.50_LS375,GShenNL3,467.0,7.5,0.117215764328,0.383947551902,17606
A300w9.50_SFHo,GShenNL3,467.0,8.0,0.131472243779,0.419949759239,16673
A300w9.50_SFHx,GShenNL3,467.0,8.5,0.143428219183,0.464254243091,16664
A467w0.50_BHBL,GShenNL3,467.0,9.0,0.156523326525,0.51354162193,14958
A467w0.50_BHBLP,GShenNL3,467.0,9.5,0.170784294514,0.6126021043350001,14956
A467w0.50_HSIUF,GShenNL3,634.0,0.5,0.000778296477903,0.246187283998,14960
A467w0.50_HSNL3,GShenNL3,634.0,1.0,0.00314229655512,0.247889100028,14958
A467w0.50_HSTM1,GShenNL3,634.0,1.5,0.00694594619905,0.250771165719,14960
A467w0.50_HSTMA,GShenNL3,634.0,2.0,0.0121125785257,0.254943267862,14965
A467w0.50_HShen,GShenNL3,634.0,2.5,0.0189786679916,0.260601935164,13180
A467w0.50_HShenH,GShenNL3,634.0,3.0,0.0265751890035,0.267977275771,13173
A467w0.50_LS180,GShenNL3,634.0,3.5,0.0359995908838,0.277505948981,15548
A467w0.50_LS220,GShenNL3,634.0,4.0,0.0466791094115,0.289770671516,15452
A467w0.50_LS375,GShenNL3,634.0,4.5,0.0585367364708,0.305600780752,15151
A467w0.50_SFHo,GShenNL3,634.0,5.0,0.0709368871189,0.32634947143599996,14961
A467w0.50_SFHx,GShenNL3,634.0,5.5,0.0837777900841,0.354090396404,14956
A467w1.00_BHBL,GShenNL3,634.0,6.0,0.0971111615549,0.392170094282,14984
A467w1.00_BHBLP,GShenNL3,634.0,6.5,0.112795117777,0.444981363886,14984
A467w1.00_GShenFSU1.7,GShenNL3,634.0,7.0,0.126862507445,0.508663731264,18530
A467w1.00_GShenFSU2.1,GShenNL3,634.0,7.5,0.14284380098,0.646864035402,18513
A467w1.00_HSNL3,GShenNL3,1268.0,0.5,0.00100424689079,0.24674117901,14980
A467w1.00_HSTM1,GShenNL3,1268.0,1.0,0.00405734968009,0.250191214765,14988
A467w1.00_HSTMA,GShenNL3,1268.0,1.5,0.00890394047158,0.256217102065,14993
A467w1.00_HShen,GShenNL3,1268.0,2.0,0.0158920691133,0.26546112563,13199
A467w1.00_HShenH,GShenNL3,1268.0,2.5,0.0238590739513,0.27893547485,13192
A467w1.00_LS180,GShenNL3,1268.0,3.0,0.0339219318602,0.29874399008900004,15587
A467w1.00_LS220,GShenNL3,1268.0,3.5,0.0454232022328,0.328920763941,15486
A467w1.00_LS375,GShenNL3,1268.0,4.0,0.0575933573224,0.37878204525299997,15362
A467w1.00_SFHo,GShenNL3,1268.0,4.5,0.0721884569766,0.470190180006,14986
A467w1.00_SFHx,GShenNL3,1268.0,5.0,0.0880766074518,0.657201357179,14982
A467w1.50_GShenFSU2.1,GShenNL3,10000.0,0.5,0.00110551805851,0.247420806113,18623
A467w1.50_GShenNL3,GShenNL3,10000.0,1.0,0.00446634373808,0.253086072347,19837
A467w1.50_HSDD2,GShenNL3,10000.0,1.5,0.00977461925052,0.263537771991,15035
A467w1.50_HSFSG,GShenNL3,10000.0,2.0,0.0172920999292,0.281057546462,15038
A467w1.50_HSIUF,GShenNL3,10000.0,2.5,0.0255696770729,0.31130605878,15036
A467w1.50_HSNL3,GShenNL3,10000.0,3.0,0.0352409099091,0.37308129838500004,15033
A467w1.50_HSTM1,GShenNL3,10000.0,3.5,0.0489258909634,0.586505439929,15031
A467w1.50_LS220,GShenFSU1.7,300.0,0.5,0.000370924795743,0.22795795369000002,15546
A467w1.50_LS375,GShenFSU1.7,300.0,1.0,0.00147709591558,0.228331893178,15417
A467w1.50_SFHo,GShenFSU1.7,300.0,1.5,0.00331078669275,0.228994523964,15035
A467w1.50_SFHx,GShenFSU1.7,300.0,2.0,0.00583731819015,0.229889761268,15032
A467w10.00_BHBL,GShenFSU1.7,300.0,2.5,0.009035740214,0.231058403597,20862
A467w10.00_BHBLP,GShenFSU1.7,300.0,3.0,0.0128348030278,0.232495748154,20860
A467w10.00_GShenFSU1.7,GShenFSU1.7,300.0,3.5,0.0172418853886,0.234240833891,37749
A467w10.00_GShenFSU2.1,GShenFSU1.7,300.0,4.0,0.0222050320424,0.236272290363,37749
A467w10.00_GShenNL3,GShenFSU1.7,300.0,4.5,0.0279939824131,0.238653214934,73313
A467w10.00_HSDD2,GShenFSU1.7,300.0,5.0,0.0339176859224,0.241329772196,20887
A467w10.00_HSFSG,GShenFSU1.7,300.0,5.5,0.0406043571261,0.244398285462,20884
A467w10.00_HSIUF,GShenFSU1.7,300.0,6.0,0.0478030279225,0.24787381667299999,20863
A467w10.00_HSNL3,GShenFSU1.7,300.0,6.5,0.0549347002872,0.251759088622,20883
A467w10.00_HSTM1,GShenFSU1.7,300.0,7.0,0.0635555292327,0.256142156581,20880
A467w10.00_HSTMA,GShenFSU1.7,300.0,7.5,0.0712920987284,0.261024892633,20887
A467w10.00_HShen,GShenFSU1.7,300.0,8.0,0.08009902504,0.266487253962,16414
A467w10.00_HShenH,GShenFSU1.7,300.0,8.5,0.0892467685118,0.272626640097,16398
A467w10.00_LS180,GShenFSU1.7,300.0,9.0,0.0995612075812,0.27951513546400003,25178
A467w10.00_LS220,GShenFSU1.7,300.0,9.5,0.108502527972,0.287198086044,25243
A467w10.00_LS375,GShenFSU1.7,300.0,10.0,0.118834423682,0.29585366160500004,24935
A467w10.00_SFHo,GShenFSU1.7,300.0,10.5,0.128974361517,0.305600787112,20883
A467w10.00_SFHx,GShenFSU1.7,300.0,11.0,0.138522311919,0.316611984221,20874
A467w10.50_BHBL,GShenFSU1.7,300.0,11.5,0.148768707028,0.329139056756,21961
A467w10.50_BHBLP,GShenFSU1.7,300.0,12.0,0.157909058518,0.343488593996,21961
A467w10.50_GShenFSU1.7,GShenFSU1.7,300.0,12.5,0.168004167721,0.35991860921,49403
A467w10.50_GShenFSU2.1,GShenFSU1.7,300.0,13.0,0.177191380255,0.378732283376,49409
A467w10.50_GShenNL3,GShenFSU1.7,300.0,13.5,0.185806911475,0.400368459798,66169
A467w10.50_HSDD2,GShenFSU1.7,300.0,14.0,0.193641432687,0.425828390194,21991
A467w10.50_HSFSG,GShenFSU1.7,300.0,14.5,0.201222111127,0.457022189461,21990
A467w10.50_HSIUF,GShenFSU1.7,300.0,15.0,0.20783878046,0.493251163965,21995
A467w10.50_HSNL3,GShenFSU1.7,300.0,15.5,0.211592749244,0.547152530123,21988
A467w10.50_HSTM1,GShenFSU1.7,467.0,0.5,0.000639985251088,0.228116631835,21989
A467w10.50_HSTMA,GShenFSU1.7,467.0,1.0,0.00255086055422,0.22898076942700002,21995
A467w10.50_HShen,GShenFSU1.7,467.0,1.5,0.00571842609179,0.23043145028099998,16907
A467w10.50_HShenH,GShenFSU1.7,467.0,2.0,0.00999021414068,0.232496377649,16888
A467w10.50_LS180,GShenFSU1.7,467.0,2.5,0.015346388006,0.235215152431,27561
A467w10.50_LS220,GShenFSU1.7,467.0,3.0,0.0220675676971,0.238669254883,27916
A467w10.50_LS375,GShenFSU1.7,467.0,3.5,0.0292727862969,0.242876118454,27535
A467w10.50_SFHo,GShenFSU1.7,467.0,4.0,0.0381376135771,0.247999536715,21985
A467w10.50_SFHx,GShenFSU1.7,467.0,4.5,0.0469605892411,0.254106362613,21982
A467w11.00_BHBL,GShenFSU1.7,467.0,5.0,0.0576824013356,0.26143331969100003,23317
A467w11.00_BHBLP,GShenFSU1.7,467.0,5.5,0.0689574803914,0.270183384772,23317
A467w11.00_GShenFSU1.7,GShenFSU1.7,467.0,6.0,0.0808725948463,0.28062549378199997,65696
A467w11.00_GShenFSU2.1,GShenFSU1.7,467.0,6.5,0.093314643522,0.29322224406499997,72267
A467w11.00_GShenNL3,GShenFSU1.7,467.0,7.0,0.106396447888,0.308503909828,69164
A467w11.00_HSDD2,GShenFSU1.7,467.0,7.5,0.119468912924,0.327259549544,23354
A467w11.00_HSFSG,GShenFSU1.7,467.0,8.0,0.133888992041,0.35058125071699997,23358
A467w11.00_HSIUF,GShenFSU1.7,467.0,8.5,0.145832763888,0.37989684118600003,23357
A467w11.00_HSNL3,GShenFSU1.7,467.0,9.0,0.15912759066,0.41678473588000003,23352
A467w11.00_HSTM1,GShenFSU1.7,467.0,9.5,0.172094426657,0.46242639478500003,23346
A467w11.00_HSTMA,GShenFSU1.7,467.0,10.0,0.182965456652,0.52328979325,23361
A467w11.00_HShen,GShenFSU1.7,467.0,10.5,0.19328268369,0.7013202123710001,17474
A467w11.00_LS375,GShenFSU1.7,634.0,0.5,0.000810091146288,0.228271920353,30971
A467w11.00_SFHo,GShenFSU1.7,634.0,1.0,0.00323561443419,0.22963123279800002,23353
A467w11.00_SFHx,GShenFSU1.7,634.0,1.5,0.00720850786699,0.231918858276,23346
A467w11.50_BHBL,GShenFSU1.7,634.0,2.0,0.0125267210893,0.235219156263,25013
A467w11.50_BHBLP,GShenFSU1.7,634.0,2.5,0.0196031624734,0.239657672564,25005
A467w11.50_GShenFSU1.7,GShenFSU1.7,634.0,3.0,0.0273728368962,0.245373589939,68923
A467w11.50_GShenFSU2.1,GShenFSU1.7,634.0,3.5,0.0370351254024,0.252629466593,69591
A467w11.50_GShenNL3,GShenFSU1.7,634.0,4.0,0.047893198254,0.261765831219,71240
A467w11.50_HSDD2,GShenFSU1.7,634.0,4.5,0.0598504242889,0.273228509207,25066
A467w11.50_HSFSG,GShenFSU1.7,634.0,5.0,0.0723740825155,0.28776821650400003,25063
A467w11.50_HSIUF,GShenFSU1.7,634.0,5.5,0.0853921611095,0.306490242719,25067
A467w11.50_HSNL3,GShenFSU1.7,634.0,6.0,0.0990106679905,0.331106433478,25060
A467w11.50_HSTM1,GShenFSU1.7,634.0,6.5,0.114626988304,0.36449006756,24876
A467w11.50_HSTMA,GShenFSU1.7,634.0,7.0,0.129229080351,0.410803663983,25068
A467w11.50_HShen,GShenFSU1.7,634.0,7.5,0.142506555942,0.471846278307,18139
A467w11.50_HShenH,GShenFSU1.7,634.0,8.0,0.156618924108,0.5713637581619999,18109
A467w11.50_SFHo,GShenFSU1.7,1268.0,0.5,0.00104194430216,0.228710369384,25061
A467w11.50_SFHx,GShenFSU1.7,1268.0,1.0,0.00420077275215,0.23140247958200003,25052
A467w2.00_BHBL,GShenFSU1.7,1268.0,1.5,0.00920816255909,0.236096169909,15094
A467w2.00_BHBLP,GShenFSU1.7,1268.0,2.0,0.0161462961201,0.243163030872,15097
A467w2.00_GShenFSU1.7,GShenFSU1.7,1268.0,2.5,0.0246079713674,0.253232397381,18760
A467w2.00_GShenFSU2.1,GShenFSU1.7,1268.0,3.0,0.0348209637577,0.267466927029,18759
A467w2.00_GShenNL3,GShenFSU1.7,1268.0,3.5,0.0465864970993,0.28792906195199996,20003
A467w2.00_HSDD2,GShenFSU1.7,1268.0,4.0,0.0588642360589,0.318869841851,15097
A467w2.00_HSFSG,GShenFSU1.7,1268.0,4.5,0.0732861971057,0.370026703091,15100
A467w2.00_HSIUF,GShenFSU1.7,1268.0,5.0,0.0870114399673,0.468813661289,15102
A467w2.00_HSNL3,GShenFSU1.7,1268.0,5.5,0.102155509549,0.771022012511,15100
A467w2.00_HShen,GShenFSU1.7,10000.0,0.5,0.00114408219017,0.22920761632099998,13273
A467w2.00_HShenH,GShenFSU1.7,10000.0,1.0,0.00461332288461,0.233534203881,13260
A467w2.00_LS180,GShenFSU1.7,10000.0,1.5,0.0100619676287,0.24136013615600002,15725
A467w2.00_LS220,GShenFSU1.7,10000.0,2.0,0.01774306921,0.253993062445,15626
A467w2.00_LS375,GShenFSU1.7,10000.0,2.5,0.0264889671825,0.274154177813,15502
A467w2.00_SFHo,GShenFSU1.7,10000.0,3.0,0.0367335311213,0.308990045835,15097
A467w2.00_SFHx,GShenFSU1.7,10000.0,3.5,0.0476131038898,0.385454966405,15093
A467w2.50_GShenNL3,GShenFSU2.1,300.0,0.5,0.000368613312628,0.227957035003,20225
A467w2.50_HSDD2,GShenFSU2.1,300.0,1.0,0.0014688629458,0.228330685103,15186
A467w2.50_HSFSG,GShenFSU2.1,300.0,1.5,0.003281216075,0.22897420519,15183
A467w2.50_HSIUF,GShenFSU2.1,300.0,2.0,0.00580007557375,0.22988839046499998,15184
A467w2.50_HSNL3,GShenFSU2.1,300.0,2.5,0.00897683365258,0.231057267008,15182
A467w2.50_HSTM1,GShenFSU2.1,300.0,3.0,0.0127641981578,0.23249470808199998,15179
A467w2.50_HSTMA,GShenFSU2.1,300.0,3.5,0.0171393902373,0.234240076354,15187
A467w2.50_HShen,GShenFSU2.1,300.0,4.0,0.0220750538675,0.236270936443,13324
A467w2.50_HShenH,GShenFSU2.1,300.0,4.5,0.0278635427233,0.238652282299,13314
A467w2.50_LS180,GShenFSU2.1,300.0,5.0,0.033803058037,0.241328956447,15836
A467w2.50_LS220,GShenFSU2.1,300.0,5.5,0.0402399627766,0.24439081281,15733
A467w2.50_LS375,GShenFSU2.1,300.0,6.0,0.0476117676913,0.247872769648,15607
A467w2.50_SFHo,GShenFSU2.1,300.0,6.5,0.0548044358888,0.251758556551,15183
A467w2.50_SFHx,GShenFSU2.1,300.0,7.0,0.0633429840267,0.256141418761,15177
A467w3.00_BHBL,GShenFSU2.1,300.0,7.5,0.0711297947938,0.261024481371,15281
A467w3.00_BHBLP,GShenFSU2.1,300.0,8.0,0.079413675728,0.26647786803499995,15285
A467w3.00_GShenFSU1.7,GShenFSU2.1,300.0,8.5,0.0890906859607,0.27262647054899997,19162
A467w3.00_GShenFSU2.1,GShenFSU2.1,300.0,9.0,0.0994138146708,0.279515067945,19148
A467w3.00_GShenNL3,GShenFSU2.1,300.0,9.5,0.108445053119,0.287198142443,20269
A467w3.00_HSDD2,GShenFSU2.1,300.0,10.0,0.118812762042,0.295853700858,15288
A467w3.00_HSFSG,GShenFSU2.1,300.0,10.5,0.128952811484,0.305601107077,15286
A467w3.00_HSIUF,GShenFSU2.1,300.0,11.0,0.138574935278,0.31661201522300003,15293
A467w3.00_HSNL3,GShenFSU2.1,300.0,11.5,0.148755503324,0.32913908594200003,15290
A467w3.00_HSTM1,GShenFSU2.1,300.0,12.0,0.157910275094,0.343488587906,15284
A467w3.00_HSTMA,GShenFSU2.1,300.0,12.5,0.168014415401,0.359918594,15293
A467w3.00_HShen,GShenFSU2.1,300.0,13.0,0.177165981563,0.37873230838099997,13394
A467w3.00_HShenH,GShenFSU2.1,300.0,13.5,0.18580180123,0.40036861335600005,13385
A467w3.00_LS180,GShenFSU2.1,300.0,14.0,0.193641360931,0.425828430227,15972
A467w3.00_LS220,GShenFSU2.1,300.0,14.5,0.201223002066,0.457022227163,15871
A467w3.00_LS375,GShenFSU2.1,300.0,15.0,0.207838781899,0.493251164329,15738
A467w3.00_SFHo,GShenFSU2.1,300.0,15.5,0.211592749244,0.547152530123,15290
A467w3.00_SFHx,GShenFSU2.1,467.0,0.5,0.000636910281398,0.228115725776,15285
A467w3.50_BHBL,GShenFSU2.1,467.0,1.0,0.00252596281811,0.22897245104500002,15412
A467w3.50_BHBLP,GShenFSU2.1,467.0,1.5,0.00568207659702,0.23043005860100002,15412
A467w3.50_GShenFSU1.7,GShenFSU2.1,467.0,2.0,0.00993293168195,0.23249530957,19437
A467w3.50_GShenFSU2.1,GShenFSU2.1,467.0,2.5,0.0152902415025,0.235214145335,19435
A467w3.50_GShenNL3,GShenFSU2.1,467.0,3.0,0.0219619243282,0.238667917601,20861
A467w3.50_HSDD2,GShenFSU2.1,467.0,3.5,0.0291339309017,0.242874980808,15417
A467w3.50_HSFSG,GShenFSU2.1,467.0,4.0,0.0379930394833,0.247998248137,15420
A467w3.50_HSIUF,GShenFSU2.1,467.0,4.5,0.0468206432079,0.254105370695,15420
A467w3.50_HSNL3,GShenFSU2.1,467.0,5.0,0.0575186582254,0.2614321564,15412
A467w3.50_HSTM1,GShenFSU2.1,467.0,5.5,0.0687466631413,0.270182572622,15414
A467w3.50_HSTMA,GShenFSU2.1,467.0,6.0,0.0808230757971,0.280624809745,15416
A467w3.50_HShen,GShenFSU2.1,467.0,6.5,0.0932168975549,0.29322195845300003,13470
A467w3.50_HShenH,GShenFSU2.1,467.0,7.0,0.106310342886,0.308504040991,13465
A467w3.50_LS180,GShenFSU2.1,467.0,7.5,0.119524784607,0.32725977935899997,16141
A467w3.50_LS220,GShenFSU2.1,467.0,8.0,0.133889668754,0.35058125183,16036
A467w3.50_LS375,GShenFSU2.1,467.0,8.5,0.145832914437,0.379896785908,15895
A467w3.50_SFHo,GShenFSU2.1,467.0,9.0,0.159254919484,0.416784730303,15416
A467w3.50_SFHx,GShenFSU2.1,467.0,9.5,0.172094431583,0.462426537345,15412
A467w4.00_BHBL,GShenFSU2.1,467.0,10.0,0.182962154719,0.5232896818230001,15562
A467w4.00_BHBLP,GShenFSU2.1,467.0,10.5,0.193282636916,0.7013202133669999,15561
A467w4.00_HSDD2,GShenFSU2.1,634.0,0.5,0.000806288618801,0.228270989053,15566
A467w4.00_HSFSG,GShenFSU2.1,634.0,1.0,0.00318739426544,0.22961982604700001,15566
A467w4.00_HSIUF,GShenFSU2.1,634.0,1.5,0.00716024215775,0.231917462527,15567
A467w4.00_HSNL3,GShenFSU2.1,634.0,2.0,0.0124874238169,0.235218191817,15564
A467w4.00_HSTM1,GShenFSU2.1,634.0,2.5,0.0195121623397,0.239656383678,15566
A467w4.00_HSTMA,GShenFSU2.1,634.0,3.0,0.0272978937566,0.24537257711399998,15571
A467w4.00_HShen,GShenFSU2.1,634.0,3.5,0.0368222536122,0.252628097659,13567
A467w4.00_HShenH,GShenFSU2.1,634.0,4.0,0.0477278771517,0.261764434585,13562
A467w4.00_LS180,GShenFSU2.1,634.0,4.5,0.0596825794866,0.273226902891,16337
A467w4.00_LS220,GShenFSU2.1,634.0,5.0,0.0721307226661,0.287767198061,16227
A467w4.00_LS375,GShenFSU2.1,634.0,5.5,0.085279485645,0.306489689265,16091
A467w4.00_SFHo,GShenFSU2.1,634.0,6.0,0.0989761336378,0.331106114179,15567
A467w4.00_SFHx,GShenFSU2.1,634.0,6.5,0.114618777166,0.364490025942,15565
A467w4.50_BHBL,GShenFSU2.1,634.0,7.0,0.129223449728,0.4108037949,15739
A467w4.50_BHBLP,GShenFSU2.1,634.0,7.5,0.142507160872,0.47184619869199995,15738
A467w4.50_GShenFSU1.7,GShenFSU2.1,634.0,8.0,0.156624839127,0.571363781893,20168
A467w4.50_HSFSG,GShenFSU2.1,1268.0,0.5,0.00103667655967,0.228709143014,15745
A467w4.50_HSIUF,GShenFSU2.1,1268.0,1.0,0.00417573087346,0.231400980097,15743
A467w4.50_HSNL3,GShenFSU2.1,1268.0,1.5,0.00911837085706,0.236095016164,15745
A467w4.50_HSTM1,GShenFSU2.1,1268.0,2.0,0.0158477784323,0.24315462028499998,15744
A467w4.50_HSTMA,GShenFSU2.1,1268.0,2.5,0.0245156926656,0.25323125883000003,15746
A467w4.50_HShen,GShenFSU2.1,1268.0,3.0,0.0347137190304,0.26746568007000004,13680
A467w4.50_HShenH,GShenFSU2.1,1268.0,3.5,0.0464398106484,0.287927817071,13667
A467w4.50_LS180,GShenFSU2.1,1268.0,4.0,0.0586560787374,0.31886841129800003,16568
A467w4.50_LS220,GShenFSU2.1,1268.0,4.5,0.073238786491,0.370025885173,16460
A467w4.50_LS375,GShenFSU2.1,1268.0,5.0,0.086966023709,0.468813017903,16318
A467w4.50_SFHo,GShenFSU2.1,1268.0,5.5,0.102144097172,0.771021841644,15740
A467w5.00_BHBLP,GShenFSU2.1,10000.0,0.5,0.00113881459434,0.229206407069,15942
A467w5.00_GShenFSU1.7,GShenFSU2.1,10000.0,1.0,0.00458548700631,0.233532791048,20645
A467w5.00_GShenFSU2.1,GShenFSU2.1,10000.0,1.5,0.0099936515164,0.24135900832499999,20645
A467w5.00_GShenNL3,GShenFSU2.1,10000.0,2.0,0.0176517175503,0.253991550922,22454
A467w5.00_HSDD2,GShenFSU2.1,10000.0,2.5,0.0263116772779,0.274152090239,15950
A467w5.00_HSFSG,GShenFSU2.1,10000.0,3.0,0.0365822941925,0.308988737249,15946
A467w5.00_HSIUF,GShenFSU2.1,10000.0,3.5,0.0474064642111,0.38545263439,15951
A467w5.00_HShenH,HSDD2,300.0,0.5,0.000368039337718,0.17443475956,13792
A467w5.00_LS180,HSDD2,300.0,1.0,0.00146707154381,0.17462175560399998,16849
A467w5.00_LS220,HSDD2,300.0,1.5,0.00328175313571,0.174943579498,16735
A467w5.00_LS375,HSDD2,300.0,2.0,0.00578490889387,0.175389207672,16584
A467w5.00_SFHo,HSDD2,300.0,2.5,0.00894280422193,0.175971173033,15947
A467w5.00_SFHx,HSDD2,300.0,3.0,0.012762533856,0.17668282735,15945
A467w5.50_BHBL,HSDD2,300.0,3.5,0.0171980520872,0.177536801817,16179
A467w5.50_BHBLP,HSDD2,300.0,4.0,0.022350528309,0.178543672381,16180
A467w5.50_GShenFSU1.7,HSDD2,300.0,4.5,0.0278104354148,0.17967986189000001,21216
A467w5.50_GShenFSU2.1,HSDD2,300.0,5.0,0.0338617206422,0.18096584998700002,21214
A467w5.50_GShenNL3,HSDD2,300.0,5.5,0.0407705020316,0.182427311245,23228
A467w5.50_HSDD2,HSDD2,300.0,6.0,0.0476949421847,0.18403716057400002,16189
A467w5.50_HSFSG,HSDD2,300.0,6.5,0.054924770428,0.185818286793,16186
A467w5.50_HSIUF,HSDD2,300.0,7.0,0.0632504716002,0.187806102285,16187
A467w5.50_HSNL3,HSDD2,300.0,7.5,0.0710006933917,0.189969195732,16184
A467w5.50_HSTM1,HSDD2,300.0,8.0,0.079850220465,0.19235688599900003,16183
A467w5.50_HSTMA,HSDD2,300.0,8.5,0.0886619710817,0.194964535384,16190
A467w5.50_HShen,HSDD2,300.0,9.0,0.0975539529601,0.19779744999600002,13949
A467w5.50_HShenH,HSDD2,300.0,9.5,0.107712365549,0.200912566268,13938
A467w5.50_LS180,HSDD2,300.0,10.0,0.117801851789,0.20430974973299998,17171
A467w5.50_LS220,HSDD2,300.0,10.5,0.127889696656,0.208010690712,17055
A467w5.50_LS375,HSDD2,300.0,11.0,0.138029082241,0.212046001257,16900
A467w5.50_SFHo,HSDD2,300.0,11.5,0.147761335644,0.21643951200999997,16185
A467w5.50_SFHx,HSDD2,300.0,12.0,0.157615133581,0.221266772435,16177
A467w6.00_BHBL,HSDD2,300.0,12.5,0.166336109574,0.226539194477,16448
A467w6.00_BHBLP,HSDD2,300.0,13.0,0.175259541501,0.23233372182,16454
A467w6.00_GShenFSU1.7,HSDD2,300.0,13.5,0.183469081167,0.238737648694,21898
A467w6.00_GShenFSU2.1,HSDD2,300.0,14.0,0.191278527682,0.245810705685,21898
A467w6.00_GShenNL3,HSDD2,300.0,14.5,0.195428685897,0.253573277728,24024
A467w6.00_HSDD2,HSDD2,300.0,15.0,0.200818981884,0.262205831682,16456
A467w6.00_HSFSG,HSDD2,300.0,15.5,0.203578858596,0.271856466608,16460
A467w6.00_HSIUF,HSDD2,467.0,0.5,0.000640048253699,0.174510554104,16456
A467w6.00_HSNL3,HSDD2,467.0,1.0,0.00253440074739,0.17492895724799998,16455
A467w6.00_HSTM1,HSDD2,467.0,1.5,0.00563121268018,0.175635969896,16454
A467w6.00_HSTMA,HSDD2,467.0,2.0,0.00987597971112,0.17663324009300002,16462
A467w6.00_HShen,HSDD2,467.0,2.5,0.0152557964118,0.177938415791,14111
A467w6.00_HShenH,HSDD2,467.0,3.0,0.0218710595783,0.17957492930500002,14101
A467w6.00_LS180,HSDD2,467.0,3.5,0.0291335250263,0.181533814191,17553
A467w6.00_LS220,HSDD2,467.0,4.0,0.0379275653063,0.183874499967,17428
A467w6.00_LS375,HSDD2,467.0,4.5,0.0468724679455,0.18659173801700002,17266
A467w6.00_SFHo,HSDD2,467.0,5.0,0.0573112233266,0.18976680361,16454
A467w6.00_SFHx,HSDD2,467.0,5.5,0.0684373005642,0.19342176308200001,16451
A467w6.50_BHBL,HSDD2,467.0,6.0,0.0803610607125,0.19762520466500003,16762
A467w6.50_BHBLP,HSDD2,467.0,6.5,0.0916214491674,0.202413389755,16760
A467w6.50_GShenFSU1.7,HSDD2,467.0,7.0,0.105423167758,0.207952605952,22593
A467w6.50_GShenFSU2.1,HSDD2,467.0,7.5,0.117966409806,0.21428971819099998,22715
A467w6.50_GShenNL3,HSDD2,467.0,8.0,0.132032109042,0.221620837272,25355
A467w6.50_HSDD2,HSDD2,467.0,8.5,0.144801267524,0.230125094053,16771
A467w6.50_HSFSG,HSDD2,467.0,9.0,0.157981673965,0.24007338240999998,16769
A467w6.50_HSIUF,HSDD2,467.0,9.5,0.170280440877,0.251838192144,16769
A467w6.50_HSNL3,HSDD2,467.0,10.0,0.180737642565,0.2659000085,16769
A467w6.50_HSTM1,HSDD2,467.0,10.5,0.189655584748,0.28293039783400004,16766
A467w6.50_HSTMA,HSDD2,467.0,11.0,0.197793440235,0.303911976487,16771
A467w6.50_HShen,HSDD2,467.0,11.5,0.202745811337,0.329963050271,14292
A467w6.50_LS180,HSDD2,634.0,0.5,0.000808193354355,0.174583484603,17999
A467w6.50_LS220,HSDD2,634.0,1.0,0.00320186569104,0.175230186651,17870
A467w6.50_LS375,HSDD2,634.0,1.5,0.00707862284908,0.176318925421,17699
A467w6.50_SFHo,HSDD2,634.0,2.0,0.0124536753483,0.177873253466,16769
A467w6.50_SFHx,HSDD2,634.0,2.5,0.0193724264504,0.17993978731000002,16765
A467w7.00_BHBL,HSDD2,634.0,3.0,0.0271987500319,0.182519280467,17115
A467w7.00_BHBLP,HSDD2,634.0,3.5,0.0367147293447,0.185708763418,17116
A467w7.00_GShenFSU1.7,HSDD2,634.0,4.0,0.0477391684204,0.189564101507,23719
A467w7.00_GShenFSU2.1,HSDD2,634.0,4.5,0.058566046904,0.194167691646,23719
A467w7.00_GShenNL3,HSDD2,634.0,5.0,0.0713770002159,0.199694287146,26810
A467w7.00_HSDD2,HSDD2,634.0,5.5,0.0848615450573,0.206296374477,17131
A467w7.00_HSFSG,HSDD2,634.0,6.0,0.0984821297491,0.214171089102,17127
A467w7.00_HSIUF,HSDD2,634.0,6.5,0.113648132674,0.223697404578,17126
A467w7.00_HSNL3,HSDD2,634.0,7.0,0.128353992523,0.235342662849,17125
A467w7.00_HSTM1,HSDD2,634.0,7.5,0.142341788918,0.24979015542,17124
A467w7.00_HSTMA,HSDD2,634.0,8.0,0.156937246732,0.268144888826,17128
A467w7.00_HShen,HSDD2,634.0,8.5,0.168828920116,0.292179679866,14499
A467w7.00_HShenH,HSDD2,634.0,9.0,0.179114957034,0.324877464768,14485
A467w7.00_LS180,HSDD2,634.0,9.5,0.186995554596,0.37181563864100003,18529
A467w7.00_LS220,HSDD2,1268.0,0.5,0.00104295175033,0.17477364581899998,18388
A467w7.00_LS375,HSDD2,1268.0,1.0,0.00410913740796,0.175999025916,18211
A467w7.00_SFHo,HSDD2,1268.0,1.5,0.00908504996679,0.17809558394000002,17125
A467w7.00_SFHx,HSDD2,1268.0,2.0,0.0161396003541,0.181169342475,17120
A467w7.50_BHBL,HSDD2,1268.0,2.5,0.0244014897257,0.18533130660699998,17526
A467w7.50_BHBLP,HSDD2,1268.0,3.0,0.0345877491585,0.190825971378,17526
A467w7.50_GShenFSU1.7,HSDD2,1268.0,3.5,0.0465047647443,0.197958020905,24940
A467w7.50_GShenFSU2.1,HSDD2,1268.0,4.0,0.0593503829115,0.207243816354,24940
A467w7.50_GShenNL3,HSDD2,1268.0,4.5,0.073305319606,0.219516970208,28654
A467w7.50_HSDD2,HSDD2,1268.0,5.0,0.0877629441774,0.236207292934,17540
A467w7.50_HSFSG,HSDD2,1268.0,5.5,0.10286133501,0.260122549478,17537
A467w7.50_HSIUF,HSDD2,1268.0,6.0,0.117570838425,0.29770229773800005,17539
A467w7.50_HSNL3,HSDD2,1268.0,6.5,0.133511893556,0.36834120453200003,17539
A467w7.50_HSTM1,HSDD2,10000.0,0.5,0.0011468828447,0.174963826435,17539
A467w7.50_HSTMA,HSDD2,10000.0,1.0,0.00450502188246,0.176775057547,17540
A467w7.50_HShen,HSDD2,10000.0,1.5,0.00993661819704,0.179935819258,14728
A467w7.50_HShenH,HSDD2,10000.0,2.0,0.0175309760612,0.18469554928100002,14720
A467w7.50_LS180,HSDD2,10000.0,2.5,0.0265226131007,0.19141121094799998,19151
A467w7.50_LS220,HSDD2,10000.0,3.0,0.0372687989333,0.200828467297,19014
A467w7.50_LS375,HSDD2,10000.0,3.5,0.0503389086513,0.21421025258,18818
A467w7.50_SFHo,HSDD2,10000.0,4.0,0.0634584856189,0.234210754368,17539
A467w7.50_SFHx,HSDD2,10000.0,4.5,0.0760811598226,0.267660027409,17534
A467w8.00_BHBL,HSDD2,10000.0,5.0,0.0896828062916,0.342588944611,17996
A467w8.00_GShenFSU1.7,HSFSG,300.0,0.5,0.000371974091777,0.17444573053600002,26461
A467w8.00_GShenFSU2.1,HSFSG,300.0,1.0,0.001483040471,0.17463914913,26377
A467w8.00_GShenNL3,HSFSG,300.0,1.5,0.00331453589034,0.17495586571000002,30903
A467w8.00_HSDD2,HSFSG,300.0,2.0,0.0058409904048,0.175403780776,18010
A467w8.00_HSFSG,HSFSG,300.0,2.5,0.00903138146084,0.17598323531899998,18017
A467w8.00_HSIUF,HSFSG,300.0,3.0,0.0128795186476,0.176695425409,18011
A467w8.00_HSNL3,HSFSG,300.0,3.5,0.0173321254321,0.177550345055,18013
A467w8.00_HSTM1,HSFSG,300.0,4.0,0.0225726243595,0.178558701993,18007
A467w8.00_HSTMA,HSFSG,300.0,4.5,0.0280782489832,0.179694842513,18016
A467w8.00_HShen,HSFSG,300.0,5.0,0.0341488642264,0.18097877285000002,14988
A467w8.00_HShenH,HSFSG,300.0,5.5,0.040807135432,0.182432149596,14979
A467w8.00_LS180,HSFSG,300.0,6.0,0.0482284540331,0.184058769988,19896
A467w8.00_LS220,HSFSG,300.0,6.5,0.0555267272747,0.185834957524,19762
A467w8.00_LS375,HSFSG,300.0,7.0,0.0633102394714,0.187809976053,19556
A467w8.00_SFHo,HSFSG,300.0,7.5,0.0717968969736,0.189990311813,18012
A467w8.00_SFHx,HSFSG,300.0,8.0,0.0802201415381,0.192365200436,18002
A467w8.50_BHBL,HSFSG,300.0,8.5,0.0895450763647,0.194985224906,18550
A467w8.50_BHBLP,HSFSG,300.0,9.0,0.0984132354145,0.19781673316499998,18549
A467w8.50_GShenFSU1.7,HSFSG,300.0,9.5,0.108484057449,0.200936575812,28382
A467w8.50_GShenFSU2.1,HSFSG,300.0,10.0,0.118506345038,0.20432757842399998,28357
A467w8.50_GShenNL3,HSFSG,300.0,10.5,0.128399101384,0.20802121179,33906
A467w8.50_HSDD2,HSFSG,300.0,11.0,0.138289149594,0.21206524557,18565
A467w8.50_HSFSG,HSFSG,300.0,11.5,0.148423325358,0.216456586797,18568
A467w8.50_HSIUF,HSFSG,300.0,12.0,0.15810465934,0.22129468944199998,18563
A467w8.50_HSNL3,HSFSG,300.0,12.5,0.16700930536,0.226557729021,18563
A467w8.50_HSTM1,HSFSG,300.0,13.0,0.175795928247,0.23236277917800002,18559
A467w8.50_HSTMA,HSFSG,300.0,13.5,0.183823649215,0.238762206451,18552
A467w8.50_HShen,HSFSG,300.0,14.0,0.190491511058,0.245805530233,15286
A467w8.50_HShenH,HSFSG,300.0,14.5,0.194657834014,0.25358396318800003,15267
A467w8.50_LS180,HSFSG,300.0,15.0,0.201368363639,0.262222507915,20799
A467w8.50_LS220,HSFSG,300.0,15.5,0.203917093463,0.271876487947,20686
A467w8.50_LS375,HSFSG,467.0,0.5,0.000644368661338,0.17452269771300002,20460
A467w8.50_SFHo,HSFSG,467.0,1.0,0.00256072893556,0.174940851654,18559
A467w8.50_SFHx,HSFSG,467.0,1.5,0.00569657157006,0.175648812397,18560
A467w9.00_BHBL,HSFSG,467.0,2.0,0.00999434539954,0.176645382061,19188
A467w9.00_BHBLP,HSFSG,467.0,2.5,0.0154000305092,0.177953095653,19193
A467w9.00_GShenFSU1.7,HSFSG,467.0,3.0,0.0221167690321,0.179589732125,30786
A467w9.00_GShenFSU2.1,HSFSG,467.0,3.5,0.0294974108081,0.18155054055599998,30787
A467w9.00_GShenNL3,HSFSG,467.0,4.0,0.0383962512986,0.183893319422,37125
A467w9.00_HSDD2,HSFSG,467.0,4.5,0.0473919919961,0.186609705804,19213
A467w9.00_HSFSG,HSFSG,467.0,5.0,0.0580843523871,0.189784210752,19212
A467w9.00_HSIUF,HSFSG,467.0,5.5,0.0689601849241,0.193430445303,19210
A467w9.00_HSNL3,HSFSG,467.0,6.0,0.0808234617098,0.197631021347,19205
A467w9.00_HSTM1,HSFSG,467.0,6.5,0.0920975750436,0.20243451309899999,19209
A467w9.00_HSTMA,HSFSG,467.0,7.0,0.105777836249,0.207962060089,19084
A467w9.00_HShen,HSFSG,467.0,7.5,0.119249301096,0.214314932106,15615
A467w9.00_HShenH,HSFSG,467.0,8.0,0.132581811401,0.22164558205899998,15596
A467w9.00_LS180,HSFSG,467.0,8.5,0.145123950198,0.23015097363800002,21927
A467w9.00_LS220,HSFSG,467.0,9.0,0.159053326546,0.240099967001,21829
A467w9.00_LS375,HSFSG,467.0,9.5,0.171064875285,0.2518470748,21594
A467w9.00_SFHo,HSFSG,467.0,10.0,0.181535955633,0.26591792120200003,19211
A467w9.00_SFHx,HSFSG,467.0,10.5,0.19077838003,0.28296395500099997,19199
A467w9.50_BHBL,HSFSG,467.0,11.0,0.199870635176,0.303922763062,19948
A467w9.50_BHBLP,HSFSG,467.0,11.5,0.203989870764,0.329968024023,19949
A467w9.50_GShenFSU2.1,HSFSG,634.0,0.5,0.000818667279657,0.174598891092,33771
A467w9.50_GShenNL3,HSFSG,634.0,1.0,0.0032379190205,0.175241413121,43616
A467w9.50_HSDD2,HSFSG,634.0,1.5,0.00716406852513,0.176331655416,19975
A467w9.50_HSFSG,HSFSG,634.0,2.0,0.0125783205373,0.17788639275899998,19971
A467w9.50_HSIUF,HSFSG,634.0,2.5,0.0196115164672,0.179953601353,19970
A467w9.50_HSNL3,HSFSG,634.0,3.0,0.0275428079269,0.182534403771,19968
A467w9.50_HSTM1,HSFSG,634.0,3.5,0.0372247223677,0.185726590709,19912
A467w9.50_HSTMA,HSFSG,634.0,4.0,0.0476790016935,0.189570451054,19976
A467w9.50_HShen,HSFSG,634.0,4.5,0.0592195971863,0.194189779821,15987
A467w9.50_HShenH,HSFSG,634.0,5.0,0.0717783304976,0.199710021666,15975
A467w9.50_LS180,HSFSG,634.0,5.5,0.0851113923929,0.206297390651,23343
A467w9.50_LS220,HSFSG,634.0,6.0,0.0996975337037,0.214197729605,23292
A467w9.50_LS375,HSFSG,634.0,6.5,0.113622641734,0.22370719646200002,23031
A467w9.50_SFHo,HSFSG,634.0,7.0,0.129164086351,0.235361021171,19973
A467w9.50_SFHx,HSFSG,634.0,7.5,0.142740937876,0.249825532782,19967
A634w0.00_BHBL,HSFSG,634.0,8.0,0.157585423531,0.26817540027500003,14950
A634w0.00_BHBLP,HSFSG,634.0,8.5,0.169683732072,0.292209992225,14948
A634w0.00_GShenFSU1.7,HSFSG,634.0,9.0,0.180186757339,0.32487914976399995,18455
A634w0.00_GShenFSU2.1,HSFSG,634.0,9.5,0.18809088228,0.37187799134,18459
A634w0.00_GShenNL3,HSFSG,1268.0,0.5,0.00105657975245,0.174787298484,19624
A634w0.00_HSDD2,HSFSG,1268.0,1.0,0.00415802127163,0.176008064318,14954
A634w0.00_HSFSG,HSFSG,1268.0,1.5,0.00920155689577,0.178108651626,14912
A634w0.00_HSIUF,HSFSG,1268.0,2.0,0.0163631349289,0.18119002719,14762
A634w0.00_HSNL3,HSFSG,1268.0,2.5,0.0247648587765,0.1853499544,14954
A634w0.00_HSTM1,HSFSG,1268.0,3.0,0.0351647822156,0.19084076464699998,14787
A634w0.00_HSTMA,HSFSG,1268.0,3.5,0.047290407264,0.197982069158,14958
A634w0.00_HShen,HSFSG,1268.0,4.0,0.0598271406958,0.207263792148,13175
A634w0.00_HShenH,HSFSG,1268.0,4.5,0.0748771341548,0.21955537532299998,13156
A634w0.00_LS180,HSFSG,1268.0,5.0,0.0890541669134,0.23623920817000002,15538
A634w0.00_LS220,HSFSG,1268.0,5.5,0.103943805732,0.260158834261,15441
A634w0.00_LS375,HSFSG,1268.0,6.0,0.118331788147,0.297702700796,15317
A634w0.00_SFHo,HSFSG,1268.0,6.5,0.134489729846,0.368365848659,14951
A634w0.00_SFHo_ecapture_0.1,HSFSG,10000.0,0.5,0.00116358322387,0.17497647251600001,15383
A634w0.00_SFHo_ecapture_1.0,HSFSG,10000.0,1.0,0.00456388313627,0.176789349603,15109
A634w0.00_SFHo_ecapture_10.0,HSFSG,10000.0,1.5,0.0100656251695,0.179953652114,14334
A634w0.00_SFHx,HSFSG,10000.0,2.0,0.0177953533225,0.18471141336299998,14949
A634w0.50_BHBL,HSFSG,10000.0,2.5,0.026868409303,0.191433213873,14964
A634w0.50_BHBLP,HSFSG,10000.0,3.0,0.0378054767099,0.20084654554700002,14964
A634w0.50_GShenFSU1.7,HSFSG,10000.0,3.5,0.0513876139251,0.214240250639,18486
A634w0.50_GShenFSU2.1,HSFSG,10000.0,4.0,0.0643934537978,0.234235193782,18489
A634w0.50_GShenNL3,HSFSG,10000.0,4.5,0.0772460155877,0.267687762718,19662
A634w0.50_HSDD2,HSFSG,10000.0,5.0,0.0891993283984,0.34262222668700004,14969
A634w0.50_HSIUF,HSIUF,300.0,0.5,0.000374332277089,0.17443920671399998,14749
A634w0.50_HSNL3,HSIUF,300.0,1.0,0.00149091966249,0.174633856028,14965
A634w0.50_HSTM1,HSIUF,300.0,1.5,0.00333383448314,0.174950226166,14749
A634w0.50_HSTMA,HSIUF,300.0,2.0,0.00588139412555,0.175400033438,14969
A634w0.50_HShen,HSIUF,300.0,2.5,0.00913323467934,0.175995980024,13184
A634w0.50_HShenH,HSIUF,300.0,3.0,0.0130210071281,0.176709254615,13177
A634w0.50_LS180,HSIUF,300.0,3.5,0.017473253778,0.177560287215,15553
A634w0.50_LS220,HSIUF,300.0,4.0,0.0225463566183,0.17855377976599998,15458
A634w0.50_LS375,HSIUF,300.0,4.5,0.0284785894899,0.179704226858,15333
A634w0.50_SFHo,HSIUF,300.0,5.0,0.0345946243461,0.180991574304,14967
A634w0.50_SFHo_ecapture_0.1,HSIUF,300.0,5.5,0.0411641237003,0.182438367292,15398
A634w0.50_SFHo_ecapture_1.0,HSIUF,300.0,6.0,0.0482196096179,0.184046615005,15122
A634w0.50_SFHo_ecapture_10.0,HSIUF,300.0,6.5,0.0563077128509,0.185849043942,14349
A634w0.50_SFHx,HSIUF,300.0,7.0,0.0639880701311,0.187817637269,14960
A634w1.00_BHBL,HSIUF,300.0,7.5,0.0722271398713,0.189986671479,15003
A634w1.00_BHBLP,HSIUF,300.0,8.0,0.0812581971187,0.19238233730999998,15005
A634w1.00_GShenFSU1.7,HSIUF,300.0,8.5,0.0898188796583,0.19497614747099998,18571
A634w1.00_GShenFSU2.1,HSIUF,300.0,9.0,0.10007333263,0.19783910507,18572
A634w1.00_GShenNL3,HSIUF,300.0,9.5,0.109754935807,0.200934651359,19769
A634w1.00_HSDD2,HSIUF,300.0,10.0,0.119379791123,0.204320561701,15009
A634w1.00_HSFSG,HSIUF,300.0,10.5,0.129798609214,0.20803091624,14943
A634w1.00_HSIUF,HSIUF,300.0,11.0,0.139658679068,0.212064720861,14794
A634w1.00_HSNL3,HSIUF,300.0,11.5,0.150141072931,0.216464078098,15006
A634w1.00_HSTM1,HSIUF,300.0,12.0,0.159970038036,0.221293827089,14836
A634w1.00_HSTMA,HSIUF,300.0,12.5,0.169112298293,0.22657680923999998,15010
A634w1.00_HShen,HSIUF,300.0,13.0,0.177987408697,0.232381343824,13211
A634w1.00_HShenH,HSIUF,300.0,13.5,0.185851601876,0.238772908294,13202
A634w1.00_LS180,HSIUF,300.0,14.0,0.193599629391,0.245839745219,15606
A634w1.00_LS220,HSIUF,300.0,14.5,0.19604906368,0.25359198916,15510
A634w1.00_LS375,HSIUF,300.0,15.0,0.203332926915,0.262238007283,15383
A634w1.00_SFHo,HSIUF,300.0,15.5,0.205527491515,0.271875410493,15010
A634w1.00_SFHo_ecapture_0.1,HSIUF,467.0,0.5,0.000645807796947,0.174517657633,15444
A634w1.00_SFHo_ecapture_1.0,HSIUF,467.0,1.0,0.00256351786139,0.17493798870699998,15166
A634w1.00_SFHo_ecapture_10.0,HSIUF,467.0,1.5,0.00574537218345,0.175651514709,14380
A634w1.00_SFHx,HSIUF,467.0,2.0,0.0101230292533,0.176658621474,15003
A634w1.50_BHBL,HSIUF,467.0,2.5,0.0155741372046,0.177962431885,15071
A634w1.50_BHBLP,HSIUF,467.0,3.0,0.0220576551154,0.17958583285899998,15076
A634w1.50_GShenFSU1.7,HSIUF,467.0,3.5,0.0298787594284,0.181562428525,18725
A634w1.50_GShenFSU2.1,HSIUF,467.0,4.0,0.0382341851223,0.18388583030699998,18721
A634w1.50_GShenNL3,HSIUF,467.0,4.5,0.0481370906553,0.186624874829,19960
A634w1.50_HSDD2,HSIUF,467.0,5.0,0.0580366746909,0.189777476568,15081
A634w1.50_HSFSG,HSIUF,467.0,5.5,0.069477338374,0.193438579773,15032
A634w1.50_HSIUF,HSIUF,467.0,6.0,0.0809056055535,0.197635294962,14879
A634w1.50_HSNL3,HSIUF,467.0,6.5,0.0942514911824,0.202455803098,15078
A634w1.50_HSTM1,HSIUF,467.0,7.0,0.107263037908,0.207967077069,14900
A634w1.50_HSTMA,HSIUF,467.0,7.5,0.12043960101,0.214312412648,15080
A634w1.50_HShen,HSIUF,467.0,8.0,0.134187562986,0.22164504782,13257
A634w1.50_HShenH,HSIUF,467.0,8.5,0.146869354478,0.230159666633,13246
A634w1.50_LS180,HSIUF,467.0,9.0,0.160767321512,0.240113349891,15698
A634w1.50_LS220,HSIUF,467.0,9.5,0.173073511487,0.25185349793,15599
A634w1.50_LS375,HSIUF,467.0,10.0,0.183639701141,0.265938560333,15472
A634w1.50_SFHo,HSIUF,467.0,10.5,0.193428725428,0.28298113081000004,15079
A634w1.50_SFHo_ecapture_0.1,HSIUF,467.0,11.0,0.202789822466,0.30387616498500003,15521
A634w1.50_SFHo_ecapture_1.0,HSIUF,467.0,11.5,0.205324785964,0.329985960631,15243
A634w1.50_SFHx,HSIUF,634.0,0.5,0.000817299751414,0.17459026176200002,15075
A634w2.00_BHBL,HSIUF,634.0,1.0,0.00323647544482,0.175236845862,15175
A634w2.00_BHBLP,HSIUF,634.0,1.5,0.00728364294872,0.176344493912,15174
A634w2.00_GShenFSU1.7,HSIUF,634.0,2.0,0.0127121352775,0.177897284386,18939
A634w2.00_GShenFSU2.1,HSIUF,634.0,2.5,0.0194855234401,0.179946224815,18937
A634w2.00_GShenNL3,HSIUF,634.0,3.0,0.0278962347028,0.182544752074,20229
A634w2.00_HSDD2,HSIUF,634.0,3.5,0.0370991703627,0.185721247497,15180
A634w2.00_HSFSG,HSIUF,634.0,4.0,0.0478845713725,0.189575606826,15161
A634w2.00_HSIUF,HSIUF,634.0,4.5,0.060160304619,0.19419867948500003,15051
A634w2.00_HSNL3,HSIUF,634.0,5.0,0.0725051047307,0.199719421628,15179
A634w2.00_HSTM1,HSIUF,634.0,5.5,0.0866804372858,0.206309784282,14961
A634w2.00_HSTMA,HSIUF,634.0,6.0,0.101704601843,0.21421873274999997,14977
A634w2.00_HShen,HSIUF,634.0,6.5,0.115680687353,0.22372926275699997,13319
A634w2.00_HShenH,HSIUF,634.0,7.0,0.130734023352,0.235378038484,13311
A634w2.00_LS180,HSIUF,634.0,7.5,0.144576646057,0.249820686273,15827
A634w2.00_LS220,HSIUF,634.0,8.0,0.159183588915,0.26820183775,15729
A634w2.00_LS375,HSIUF,634.0,8.5,0.172060329279,0.29221559225800003,15597
A634w2.00_SFHo,HSIUF,634.0,9.0,0.181567248751,0.324925363999,15177
A634w2.00_SFHo_ecapture_0.1,HSIUF,634.0,9.5,0.189190531468,0.371824571005,15629
A634w2.00_SFHo_ecapture_1.0,HSIUF,1268.0,0.5,0.00105218846152,0.174780279703,15343
A634w2.00_SFHo_ecapture_10.0,HSIUF,1268.0,1.0,0.00414982391849,0.176008067681,14541
A634w2.00_SFHx,HSIUF,1268.0,1.5,0.00931797532684,0.17812095704699998,15176
A634w2.50_BHBL,HSIUF,1268.0,2.0,0.0161648497013,0.181178391095,15307
A634w2.50_BHBLP,HSIUF,1268.0,2.5,0.0250672580676,0.18535793320900001,15308
A634w2.50_GShenFSU1.7,HSIUF,1268.0,3.0,0.0355188136947,0.190844539919,19224
A634w2.50_GShenFSU2.1,HSIUF,1268.0,3.5,0.0468762406044,0.197980107109,19228
A634w2.50_GShenNL3,HSIUF,1268.0,4.0,0.0614384597392,0.20728025967299998,20598
A634w2.50_HSDD2,HSIUF,1268.0,4.5,0.0754011305766,0.219549420814,15314
A634w2.50_HSFSG,HSIUF,1268.0,5.0,0.0889218565037,0.23623140527300002,15317
A634w2.50_HSIUF,HSIUF,1268.0,5.5,0.104608115804,0.26015552790999996,15174
A634w2.50_HSNL3,HSIUF,1268.0,6.0,0.120323629838,0.297742458228,15315
A634w2.50_HSTM1,HSIUF,1268.0,6.5,0.136465748027,0.368421746644,15311
A634w2.50_HSTMA,HSIUF,10000.0,0.5,0.0011559134328,0.174968348553,15115
A634w2.50_HShen,HSIUF,10000.0,1.0,0.00461096632842,0.17679755970900002,13400
A634w2.50_HShenH,HSIUF,10000.0,1.5,0.0101703592235,0.179961701647,13393
A634w2.50_LS180,HSIUF,10000.0,2.0,0.0176287812218,0.184701712979,16002
A634w2.50_LS220,HSIUF,10000.0,2.5,0.0271011390868,0.191440680243,15896
A634w2.50_LS375,HSIUF,10000.0,3.0,0.0386743791622,0.200861582465,15758
A634w2.50_SFHo,HSIUF,10000.0,3.5,0.0507392484546,0.214233718741,15311
A634w2.50_SFHo_ecapture_0.1,HSIUF,10000.0,4.0,0.0650842393987,0.234240533051,15773
A634w2.50_SFHo_ecapture_1.0,HSIUF,10000.0,4.5,0.0784538292405,0.267705532538,15481
A634w2.50_SFHo_ecapture_10.0,HSIUF,10000.0,5.0,0.0909014331195,0.342573886046,14663
A634w3.00_BHBL,HSNL3,300.0,0.5,0.000354834256226,0.174410385927,15476
A634w3.00_BHBLP,HSNL3,300.0,1.0,0.00141446884647,0.17459788029,15478
A634w3.00_GShenFSU1.7,HSNL3,300.0,1.5,0.00316336423545,0.174915321084,19598
A634w3.00_GShenFSU2.1,HSNL3,300.0,2.0,0.00558268051944,0.175365815988,19597
A634w3.00_GShenNL3,HSNL3,300.0,2.5,0.00863222877512,0.175942120583,21080
A634w3.00_HSDD2,HSNL3,300.0,3.0,0.0122932820143,0.17665838732800002,15484
A634w3.00_HSFSG,HSNL3,300.0,3.5,0.0165569008499,0.17750723272299998,15480
A634w3.00_HSIUF,HSNL3,300.0,4.0,0.0216106569446,0.178520243668,15291
A634w3.00_HSNL3,HSNL3,300.0,4.5,0.0269091609245,0.179652021872,15482
A634w3.00_HSTM1,HSNL3,300.0,5.0,0.0327319036622,0.180937863601,15236
A634w3.00_HSTMA,HSNL3,300.0,5.5,0.0389990285187,0.18237818917100002,15258
A634w3.00_HShen,HSNL3,300.0,6.0,0.0461953798983,0.184012838997,13509
A634w3.00_HShenH,HSNL3,300.0,6.5,0.0532127610717,0.18579297668800002,13496
A634w3.00_LS180,HSNL3,300.0,7.0,0.061256655388,0.18778064680599998,16214
A634w3.00_LS220,HSNL3,300.0,7.5,0.0688560497581,0.189939826235,16109
A634w3.00_LS375,HSNL3,300.0,8.0,0.0777456203979,0.192338044909,15970
A634w3.00_SFHo,HSNL3,300.0,8.5,0.0861121451859,0.194930713417,15480
A634w3.00_SFHo_ecapture_0.1,HSNL3,300.0,9.0,0.0948023804697,0.197769291428,15948
A634w3.00_SFHo_ecapture_1.0,HSNL3,300.0,9.5,0.104415723287,0.200878517851,15657
A634w3.00_SFHo_ecapture_10.0,HSNL3,300.0,10.0,0.11446219755,0.20428044734,14810
A634w3.00_SFHx,HSNL3,300.0,10.5,0.123798829041,0.207956864574,15471
A634w3.50_BHBL,HSNL3,300.0,11.0,0.134203517314,0.21200975615300002,15684
A634w3.50_BHBLP,HSNL3,300.0,11.5,0.143976004767,0.216402676642,15682
A634w3.50_GShenFSU1.7,HSNL3,300.0,12.0,0.153734234458,0.22122991442200002,20050
A634w3.50_GShenFSU2.1,HSNL3,300.0,12.5,0.162810920305,0.22649111701199998,20073
A634w3.50_GShenNL3,HSNL3,300.0,13.0,0.17154970371,0.232292890011,21705
A634w3.50_HSDD2,HSNL3,300.0,13.5,0.180266403943,0.23868722869499998,15689
A634w3.50_HSFSG,HSNL3,300.0,14.0,0.187988012732,0.24574384034900001,15686
A634w3.50_HSIUF,HSNL3,300.0,14.5,0.192961794779,0.253523606883,15514
A634w3.50_HSNL3,HSNL3,300.0,15.0,0.197118310739,0.262154776996,15687
A634w3.50_HSTM1,HSNL3,300.0,15.5,0.202750075627,0.27181138005600003,15476
A634w3.50_HSTMA,HSNL3,467.0,0.5,0.000615303710591,0.174483640865,15458
A634w3.50_HShen,HSNL3,467.0,1.0,0.00244412654694,0.174900754219,13636
A634w3.50_HShenH,HSNL3,467.0,1.5,0.00544501602517,0.17560921642400001,13623
A634w3.50_LS180,HSNL3,467.0,2.0,0.00955327564596,0.176607446602,16487
A634w3.50_LS220,HSNL3,467.0,2.5,0.014709509591,0.177908666777,16371
A634w3.50_LS375,HSNL3,467.0,3.0,0.0212024516994,0.179551176204,16228
A634w3.50_SFHo,HSNL3,467.0,3.5,0.0282224957482,0.181509611934,15688
A634w3.50_SFHo_ecapture_0.1,HSNL3,467.0,4.0,0.0368071886411,0.183848048688,16171
A634w3.50_SFHo_ecapture_1.0,HSNL3,467.0,4.5,0.0453887084554,0.186566470819,15868
A634w3.50_SFHo_ecapture_10.0,HSNL3,467.0,5.0,0.0557902223453,0.1897416877,15001
A634w3.50_SFHx,HSNL3,467.0,5.5,0.0655898054705,0.19337226778900002,15679
A634w4.00_BHBL,HSNL3,467.0,6.0,0.0773689095829,0.197579689634,15930
A634w4.00_BHBLP,HSNL3,467.0,6.5,0.0890391526155,0.202385644277,15933
A634w4.00_GShenFSU1.7,HSNL3,467.0,7.0,0.101671390549,0.207900619179,20533
A634w4.00_GShenFSU2.1,HSNL3,467.0,7.5,0.115685153796,0.21426403047700002,20672
A634w4.00_GShenNL3,HSNL3,467.0,8.0,0.12900262555,0.221592971052,22501
A634w4.00_HSDD2,HSNL3,467.0,8.5,0.141842490222,0.230090535585,15937
A634w4.00_HSFSG,HSNL3,467.0,9.0,0.154474974982,0.240019575048,15940
A634w4.00_HSIUF,HSNL3,467.0,9.5,0.167449546683,0.25178123645,15736
A634w4.00_HSNL3,HSNL3,467.0,10.0,0.178377328488,0.26583116306300003,15937
A634w4.00_HSTM1,HSNL3,467.0,10.5,0.187454424084,0.282862747147,15935
A634w4.00_HSTMA,HSNL3,467.0,11.0,0.19588759508,0.303862536632,15721
A634w4.00_HShen,HSNL3,467.0,11.5,0.202710290223,0.329889989712,13784
A634w4.00_LS180,HSNL3,634.0,0.5,0.00078125322931,0.174557320718,16820
A634w4.00_LS220,HSNL3,634.0,1.0,0.00309266729128,0.175203196526,16699
A634w4.00_LS375,HSNL3,634.0,1.5,0.00685742657128,0.176292728039,16549
A634w4.00_SFHo,HSNL3,634.0,2.0,0.0119868976052,0.177842189601,15938
A634w4.00_SFHo_ecapture_0.1,HSNL3,634.0,2.5,0.0188022124882,0.179910698258,16442
A634w4.00_SFHo_ecapture_1.0,HSNL3,634.0,3.0,0.0263977557374,0.182494135535,16121
A634w4.00_SFHo_ecapture_10.0,HSNL3,634.0,3.5,0.0357229547028,0.185682302604,15225
A634w4.00_SFHx,HSNL3,634.0,4.0,0.0465668864295,0.189541260346,15930
A634w4.50_BHBL,HSNL3,634.0,4.5,0.0571133607922,0.194141457635,16231
A634w4.50_BHBLP,HSNL3,634.0,5.0,0.0687216399566,0.199649072409,16232
A634w4.50_GShenFSU1.7,HSNL3,634.0,5.5,0.082898784913,0.20626126868099998,21205
A634w4.50_GShenFSU2.1,HSNL3,634.0,6.0,0.0963268342025,0.214134853051,21415
A634w4.50_GShenNL3,HSNL3,634.0,6.5,0.110838283517,0.223668849873,23378
A634w4.50_HSDD2,HSNL3,634.0,7.0,0.125683704488,0.23529948999199998,16239
A634w4.50_HSFSG,HSNL3,634.0,7.5,0.140125382237,0.24975792598399998,16207
A634w4.50_HSIUF,HSNL3,634.0,8.0,0.153112671292,0.26809297012,16043
A634w4.50_HSNL3,HSNL3,634.0,8.5,0.166329536849,0.292119209291,16233
A634w4.50_HSTM1,HSNL3,634.0,9.0,0.177193260743,0.324774239982,15996
A634w4.50_HSTMA,HSNL3,634.0,9.5,0.1860904644,0.3717077113,16240
A634w4.50_HShen,HSNL3,1268.0,0.5,0.00100818465448,0.174746039282,13960
A634w4.50_HShenH,HSNL3,1268.0,1.0,0.00397161209518,0.175971018208,13949
A634w4.50_LS180,HSNL3,1268.0,1.5,0.008790154684,0.178067751957,17225
A634w4.50_LS220,HSNL3,1268.0,2.0,0.0156973514187,0.181148019465,17099
A634w4.50_LS375,HSNL3,1268.0,2.5,0.023655491247,0.185304456623,16942
A634w4.50_SFHo,HSNL3,1268.0,3.0,0.0337235084712,0.19079864799399998,16233
A634w4.50_SFHo_ecapture_0.1,HSNL3,1268.0,3.5,0.0453130973747,0.19792763374,16767
A634w4.50_SFHo_ecapture_1.0,HSNL3,1268.0,4.0,0.0580571108756,0.20721325542100003,16429
A634w4.50_SFHo_ecapture_10.0,HSNL3,1268.0,4.5,0.0709135228915,0.219472009409,15496
A634w4.50_SFHx,HSNL3,1268.0,5.0,0.0860672182547,0.236169007688,16229
A634w5.00_BHBL,HSNL3,1268.0,5.5,0.100796522676,0.26008034390400003,16588
A634w5.00_BHBLP,HSNL3,1268.0,6.0,0.115212388464,0.29764091019300004,16588
A634w5.00_GShenFSU1.7,HSNL3,1268.0,6.5,0.131582828863,0.368235710151,22361
A634w5.00_GShenFSU2.1,HSNL3,10000.0,0.5,0.00111044595681,0.174936083369,22364
A634w5.00_GShenNL3,HSNL3,10000.0,1.0,0.00436142926669,0.17674865896,24891
A634w5.00_HSDD2,HSNL3,10000.0,1.5,0.00959702011872,0.17991017293,16594
A634w5.00_HSFSG,HSNL3,10000.0,2.0,0.0170580348369,0.18466830237100001,16507
A634w5.00_HSIUF,HSNL3,10000.0,2.5,0.0257682756217,0.191383618074,16403
A634w5.00_HSNL3,HSNL3,10000.0,3.0,0.0362180434419,0.200797908225,16591
A634w5.00_HSTM1,HSNL3,10000.0,3.5,0.0486313773286,0.214162096153,16594
A634w5.00_HSTMA,HSNL3,10000.0,4.0,0.0624276856779,0.234161483572,16599
A634w5.00_HShen,HSNL3,10000.0,4.5,0.074312030263,0.267579328334,14172
A634w5.00_HShenH,HSNL3,10000.0,5.0,0.0862896323979,0.342483711189,14158
A634w5.00_LS220,HSTMA,300.0,0.5,0.000359991720327,0.174452158296,17595
A634w5.00_LS375,HSTMA,300.0,1.0,0.00143637777924,0.174643511949,17422
A634w5.00_SFHo,HSTMA,300.0,1.5,0.00322104572501,0.174963422652,16596
A634w5.00_SFHo_ecapture_0.1,HSTMA,300.0,2.0,0.00569065511519,0.175408722854,17149
A634w5.00_SFHo_ecapture_1.0,HSTMA,300.0,2.5,0.00882135962378,0.175990360401,16801
A634w5.00_SFHo_ecapture_10.0,HSTMA,300.0,3.0,0.0126761351897,0.17672516434600002,15813
A634w5.00_SFHx,HSTMA,300.0,3.5,0.0170223380894,0.177571651868,16592
A634w5.50_BHBL,HSTMA,300.0,4.0,0.0219134458151,0.178559407883,17011
A634w5.50_BHBLP,HSTMA,300.0,4.5,0.0274254916018,0.17970007164000001,17011
A634w5.50_GShenFSU1.7,HSTMA,300.0,5.0,0.0334471781363,0.180990267767,23588
A634w5.50_GShenFSU2.1,HSTMA,300.0,5.5,0.040111269444,0.18244982119,23586
A634w5.50_GShenNL3,HSTMA,300.0,6.0,0.0468383232407,0.184053618422,26616
A634w5.50_HSDD2,HSTMA,300.0,6.5,0.0547669424818,0.185860549418,17022
A634w5.50_HSFSG,HSTMA,300.0,7.0,0.0623042947068,0.18783110025900002,16895
A634w5.50_HSIUF,HSTMA,300.0,7.5,0.0701733335548,0.18999294308,17023
A634w5.50_HSNL3,HSTMA,300.0,8.0,0.0788253296586,0.192382512196,17020
A634w5.50_HSTM1,HSTMA,300.0,8.5,0.0879901130043,0.194990189233,17017
A634w5.50_HSTMA,HSTMA,300.0,9.0,0.0973490856846,0.197840264755,17024
A634w5.50_HShen,HSTMA,300.0,9.5,0.106536195555,0.200935261631,14415
A634w5.50_HShenH,HSTMA,300.0,10.0,0.116207987978,0.204332316512,14401
A634w5.50_LS180,HSTMA,300.0,10.5,0.126046119518,0.20802870764599998,18343
A634w5.50_LS220,HSTMA,300.0,11.0,0.136248358926,0.212064351281,18198
A634w5.50_LS375,HSTMA,300.0,11.5,0.146227879,0.216467491656,18016
A634w5.50_SFHo,HSTMA,300.0,12.0,0.156563037855,0.221304817572,17022
A634w5.50_SFHo_ecapture_0.1,HSTMA,300.0,12.5,0.165414536081,0.226569767522,17612
A634w5.50_SFHo_ecapture_1.0,HSTMA,300.0,13.0,0.174731441655,0.232370302192,17243
A634w5.50_SFHo_ecapture_10.0,HSTMA,300.0,13.5,0.183055054325,0.23876430344,16197
A634w5.50_SFHx,HSTMA,300.0,14.0,0.19092016795,0.245843684743,17018
A634w6.00_BHBL,HSTMA,300.0,14.5,0.197377171751,0.253630149458,17521
A634w6.00_BHBLP,HSTMA,300.0,15.0,0.202094131468,0.262254911758,17522
A634w6.00_GShenFSU1.7,HSTMA,300.0,15.5,0.205073001689,0.271908810971,25193
A634w6.00_GShenFSU2.1,HSTMA,467.0,0.5,0.000623195529678,0.174528854643,25199
A634w6.00_GShenNL3,HSTMA,467.0,1.0,0.00247621326995,0.174949456747,29196
A634w6.00_HSDD2,HSTMA,467.0,1.5,0.0055555510463,0.175656402346,17531
A634w6.00_HSFSG,HSTMA,467.0,2.0,0.00975894582327,0.17665408331000002,17404
A634w6.00_HSIUF,HSTMA,467.0,2.5,0.0151950090262,0.17797672371300002,17533
A634w6.00_HSNL3,HSTMA,467.0,3.0,0.0214276975795,0.179596876291,17532
A634w6.00_HSTM1,HSTMA,467.0,3.5,0.0291105611949,0.18156990586699998,17530
A634w6.00_HSTMA,HSTMA,467.0,4.0,0.0371910435197,0.18389343179599998,17540
A634w6.00_HShen,HSTMA,467.0,4.5,0.0469135533717,0.186628581734,14694
A634w6.00_HShenH,HSTMA,467.0,5.0,0.0575242479686,0.18981108888700002,14678
A634w6.00_LS180,HSTMA,467.0,5.5,0.0673861735669,0.193446551785,19120
A634w6.00_LS220,HSTMA,467.0,6.0,0.0790333361324,0.197648976498,18961
A634w6.00_LS375,HSTMA,467.0,6.5,0.0912347872674,0.202456918919,18756
A634w6.00_SFHo,HSTMA,467.0,7.0,0.103990981827,0.207979386227,17534
A634w6.00_SFHo_ecapture_0.1,HSTMA,467.0,7.5,0.117300389093,0.214324035016,18171
A634w6.00_SFHo_ecapture_1.0,HSTMA,467.0,8.0,0.131210275587,0.221661000487,17776
A634w6.00_SFHo_ecapture_10.0,HSTMA,467.0,8.5,0.143959566875,0.230162629722,16654
A634w6.00_SFHx,HSTMA,467.0,9.0,0.157896494277,0.24010748429700002,17525
A634w6.50_BHBL,HSTMA,467.0,9.5,0.170754260835,0.251879924972,18135
A634w6.50_BHBLP,HSTMA,467.0,10.0,0.181523945282,0.265960909213,18136
A634w6.50_GShenFSU1.7,HSTMA,467.0,10.5,0.191470613402,0.28297865539600003,27381
A634w6.50_GShenFSU2.1,HSTMA,467.0,11.0,0.200362224853,0.303931985219,27377
A634w6.50_GShenNL3,HSTMA,467.0,11.5,0.205473145902,0.330071147565,32622
A634w6.50_HSFSG,HSTMA,634.0,0.5,0.000789413135936,0.17460122415999998,17946
A634w6.50_HSIUF,HSTMA,634.0,1.0,0.00316609243195,0.17524972066,18157
A634w6.50_HSNL3,HSTMA,634.0,1.5,0.00700701046229,0.176342144164,18151
A634w6.50_HSTM1,HSTMA,634.0,2.0,0.0124736259235,0.177912158379,18149
A634w6.50_HSTMA,HSTMA,634.0,2.5,0.0189509854323,0.179958133639,18155
A634w6.50_HShen,HSTMA,634.0,3.0,0.0274212387119,0.18255905528299998,15021
A634w6.50_HShenH,HSTMA,634.0,3.5,0.0360845541566,0.18573026355,15004
A634w6.50_LS180,HSTMA,634.0,4.0,0.0466275609221,0.189584291439,20098
A634w6.50_LS220,HSTMA,634.0,4.5,0.0587751121796,0.194209976745,19937
A634w6.50_LS375,HSTMA,634.0,5.0,0.0710560113416,0.199734870053,19705
A634w6.50_SFHo,HSTMA,634.0,5.5,0.0834976866575,0.20631244493099998,18150
A634w6.50_SFHo_ecapture_0.1,HSTMA,634.0,6.0,0.0978311695666,0.214205651288,18848
A634w6.50_SFHo_ecapture_1.0,HSTMA,634.0,6.5,0.11269697016,0.22373528452900002,18413
A634w6.50_SFHo_ecapture_10.0,HSTMA,634.0,7.0,0.127035643858,0.23537623395,17204
A634w6.50_SFHx,HSTMA,634.0,7.5,0.141720165835,0.2498446593,18147
A634w7.00_BHBL,HSTMA,634.0,8.0,0.155837952056,0.26821298101700003,18887
A634w7.00_BHBLP,HSTMA,634.0,8.5,0.169707163129,0.29225187542700004,18893
A634w7.00_GShenFSU1.7,HSTMA,634.0,9.0,0.179689427882,0.324943075702,30391
A634w7.00_GShenFSU2.1,HSTMA,634.0,9.5,0.187977024095,0.371944126928,30332
A634w7.00_GShenNL3,HSTMA,1268.0,0.5,0.00101594470803,0.17479723156,36817
A634w7.00_HSDD2,HSTMA,1268.0,1.0,0.00407528664834,0.176018039774,18907
A634w7.00_HSFSG,HSTMA,1268.0,1.5,0.00898477811829,0.17812131988799998,18910
A634w7.00_HSIUF,HSTMA,1268.0,2.0,0.0157602516635,0.181194047064,18909
A634w7.00_HSNL3,HSTMA,1268.0,2.5,0.0246844323701,0.185374828818,18909
A634w7.00_HSTM1,HSTMA,1268.0,3.0,0.0345705840785,0.190854629109,18904
A634w7.00_HSTMA,HSTMA,1268.0,3.5,0.0456926711132,0.197983231224,18913
A634w7.00_HShen,HSTMA,1268.0,4.0,0.0595189970691,0.20728901438099998,15399
A634w7.00_HShenH,HSTMA,1268.0,4.5,0.0729115648393,0.21956003031500002,15383
A634w7.00_LS180,HSTMA,1268.0,5.0,0.0882035829272,0.23627086084499999,21382
A634w7.00_LS220,HSTMA,1268.0,5.5,0.101949798183,0.26019118535400004,21232
A634w7.00_LS375,HSTMA,1268.0,6.0,0.117735966753,0.29777893923800003,20960
A634w7.00_SFHo,HSTMA,1268.0,6.5,0.133910634465,0.36850156824200003,18907
A634w7.00_SFHo_ecapture_0.1,HSTMA,10000.0,0.5,0.00111935655929,0.17497998375700002,19672
A634w7.00_SFHo_ecapture_1.0,HSTMA,10000.0,1.0,0.00444964589061,0.17679755690600002,19198
A634w7.00_SFHo_ecapture_10.0,HSTMA,10000.0,1.5,0.0100396273586,0.179975320596,17873
A634w7.00_SFHx,HSTMA,10000.0,2.0,0.0170777964263,0.184715950327,18900
A634w7.50_BHBL,HSTMA,10000.0,2.5,0.0266723260406,0.191459338405,19828
A634w7.50_BHBLP,HSTMA,10000.0,3.0,0.0375221132157,0.200873991581,19824
A634w7.50_GShenFSU1.7,HSTMA,10000.0,3.5,0.0502248079284,0.214258760271,34399
A634w7.50_GShenFSU2.1,HSTMA,10000.0,4.0,0.0622579352606,0.234250285424,34400
A634w7.50_GShenNL3,HSTMA,10000.0,4.5,0.0755860320236,0.267735814877,45866
A634w7.50_HSDD2,HSTMA,10000.0,5.0,0.088439043963,0.342735681941,19847
A634w7.50_HSIUF,HSTM1,300.0,0.5,0.000358948458863,0.174379373161,19849
A634w7.50_HSNL3,HSTM1,300.0,1.0,0.00142994811461,0.174570356784,19845
A634w7.50_HSTM1,HSTM1,300.0,1.5,0.00319695093978,0.174890569077,19844
A634w7.50_HSTMA,HSTM1,300.0,2.0,0.00564421082407,0.17534072101800002,19854
A634w7.50_HShen,HSTM1,300.0,2.5,0.00879169631633,0.175938076838,15842
A634w7.50_HShenH,HSTM1,300.0,3.0,0.0125147287113,0.176650916253,15827
A634w7.50_LS180,HSTM1,300.0,3.5,0.0167929375326,0.17749885226999998,23119
A634w7.50_LS220,HSTM1,300.0,4.0,0.0216711413053,0.17849265559299998,23009
A634w7.50_LS375,HSTM1,300.0,4.5,0.0273988874927,0.17964345846500002,22696
A634w7.50_SFHo,HSTM1,300.0,5.0,0.0332553372307,0.18093470260199998,19848
A634w7.50_SFHo_ecapture_0.1,HSTM1,300.0,5.5,0.0395216290137,0.182370914271,20710
A634w7.50_SFHo_ecapture_1.0,HSTM1,300.0,6.0,0.0463761603278,0.183986013355,20176
A634w7.50_SFHo_ecapture_10.0,HSTM1,300.0,6.5,0.0539290457642,0.185778590493,18703
A634w7.50_SFHx,HSTM1,300.0,7.0,0.061355343791,0.187746545298,19840
A634w8.00_BHBL,HSTM1,300.0,7.5,0.0699231111197,0.189933083247,21015
A634w8.00_BHBLP,HSTM1,300.0,8.0,0.0778194189295,0.19230626735300002,21012
A634w8.00_GShenFSU1.7,HSTM1,300.0,8.5,0.0871693979209,0.19491979132200002,40909
A634w8.00_GShenFSU2.1,HSTM1,300.0,9.0,0.0959130095137,0.197753379679,40904
A634w8.00_GShenNL3,HSTM1,300.0,9.5,0.105733422675,0.200868436519,69215
A634w8.00_HSDD2,HSTM1,300.0,10.0,0.115052852347,0.204248160522,21041
A634w8.00_HSFSG,HSTM1,300.0,10.5,0.125034582027,0.207946467108,21044
A634w8.00_HSIUF,HSTM1,300.0,11.0,0.134811659099,0.211979090037,21040
A634w8.00_HSNL3,HSTM1,300.0,11.5,0.144479762665,0.216384474203,21039
A634w8.00_HSTM1,HSTM1,300.0,12.0,0.154698364146,0.221202463858,21035
A634w8.00_HSTMA,HSTM1,300.0,12.5,0.164189421701,0.226484739289,21044
A634w8.00_HShen,HSTM1,300.0,13.0,0.172615251671,0.23226659606199998,16166
A634w8.00_HShenH,HSTM1,300.0,13.5,0.18071568828,0.23866232386300001,16354
A634w8.00_LS180,HSTM1,300.0,14.0,0.188784607254,0.24573121480000001,25560
A634w8.00_LS220,HSTM1,300.0,14.5,0.194777964885,0.253512926003,25607
A634w8.00_LS375,HSTM1,300.0,15.0,0.199703518566,0.26215940772699997,25208
A634w8.00_SFHo,HSTM1,300.0,15.5,0.205019147895,0.271806778969,21035
A634w8.00_SFHo_ecapture_0.1,HSTM1,467.0,0.5,0.000619676537735,0.174455742361,22026
A634w8.00_SFHo_ecapture_1.0,HSTM1,467.0,1.0,0.00246090081772,0.174877958818,21425
A634w8.00_SFHo_ecapture_10.0,HSTM1,467.0,1.5,0.00554937428069,0.175597173677,19750
A634w8.00_SFHx,HSTM1,467.0,2.0,0.00974128099182,0.1765975679,21031
A634w8.50_BHBL,HSTM1,467.0,2.5,0.0149309138107,0.177899789295,22572
A634w8.50_BHBLP,HSTM1,467.0,3.0,0.0211824715476,0.179526110172,22571
A634w8.50_GShenFSU1.7,HSTM1,467.0,3.5,0.0287073417435,0.181498020538,67493
A634w8.50_GShenFSU2.1,HSTM1,467.0,4.0,0.0367120514963,0.183821176169,67883
A634w8.50_GShenNL3,HSTM1,467.0,4.5,0.0461747130884,0.18655484800299998,72494
A634w8.50_HSDD2,HSTM1,467.0,5.0,0.0566242022028,0.189726287662,22607
A634w8.50_HSFSG,HSTM1,467.0,5.5,0.0667557182908,0.193363145752,22605
A634w8.50_HSIUF,HSTM1,467.0,6.0,0.0776782888012,0.19755310668999998,22608
A634w8.50_HSNL3,HSTM1,467.0,6.5,0.0901762066527,0.202371134733,22600
A634w8.50_HSTM1,HSTM1,467.0,7.0,0.102985709419,0.207885143238,22599
A634w8.50_HSTMA,HSTM1,467.0,7.5,0.115147417221,0.214221118318,22612
A634w8.50_HShen,HSTM1,467.0,8.0,0.129109008652,0.22155029632700002,17007
A634w8.50_HShenH,HSTM1,467.0,8.5,0.142041200419,0.230047761396,16987
A634w8.50_LS180,HSTM1,467.0,9.0,0.155618041834,0.239986726984,28940
A634w8.50_LS220,HSTM1,467.0,9.5,0.167864910029,0.251735733304,29483
A634w8.50_LS375,HSTM1,467.0,10.0,0.179302684518,0.26581414458900005,29101
A634w8.50_SFHo,HSTM1,467.0,10.5,0.188894024506,0.282816135932,22598
A634w8.50_SFHo_ecapture_0.1,HSTM1,467.0,11.0,0.197228886645,0.30383067313100004,23579
A634w8.50_SFHo_ecapture_1.0,HSTM1,467.0,11.5,0.204345468515,0.329875082096,23010
A634w8.50_SFHx,HSTM1,634.0,0.5,0.000784553021049,0.174529210272,22590
A634w9.00_BHBL,HSTM1,634.0,1.0,0.00311933786906,0.175177443092,24596
A634w9.00_BHBLP,HSTM1,634.0,1.5,0.0070146011415,0.17628332096899998,24588
A634w9.00_GShenFSU1.7,HSTM1,634.0,2.0,0.0122063813857,0.177837868364,74536
A634w9.00_GShenFSU2.1,HSTM1,634.0,2.5,0.0187207109009,0.179882653046,73231
A634w9.00_GShenNL3,HSTM1,634.0,3.0,0.0268484630637,0.182481004001,74442
A634w9.00_HSDD2,HSTM1,634.0,3.5,0.0359265655519,0.185660239008,24733
A634w9.00_HSFSG,HSTM1,634.0,4.0,0.0459015884145,0.189504790434,24730
A634w9.00_HSIUF,HSTM1,634.0,4.5,0.0576390766682,0.194121369859,24735
A634w9.00_HSNL3,HSTM1,634.0,5.0,0.0700363252242,0.199644843257,24726
A634w9.00_HSTM1,HSTM1,634.0,5.5,0.0829944889351,0.206226714668,24725
A634w9.00_HSTMA,HSTM1,634.0,6.0,0.0962747822467,0.21410524508200002,24737
A634w9.00_HShen,HSTM1,634.0,6.5,0.111175323202,0.22362777328199998,17780
A634w9.00_HShenH,HSTM1,634.0,7.0,0.126860553399,0.235278292165,17756
A634w9.00_LS180,HSTM1,634.0,7.5,0.139770886121,0.249705839386,33721
A634w9.00_LS220,HSTM1,634.0,8.0,0.154616403557,0.268064201492,34971
A634w9.00_LS375,HSTM1,634.0,8.5,0.167239531154,0.29206415412799996,34462
A634w9.00_SFHo,HSTM1,634.0,9.0,0.177961058344,0.324748458992,24733
A634w9.00_SFHo_ecapture_0.1,HSTM1,634.0,9.5,0.186855957534,0.371675461686,26112
A634w9.00_SFHo_ecapture_1.0,HSTM1,1268.0,0.5,0.00100908278671,0.174717934068,25274
A634w9.00_SFHo_ecapture_10.0,HSTM1,1268.0,1.0,0.00399461122067,0.175946264939,22984
A634w9.00_SFHx,HSTM1,1268.0,1.5,0.00896888784728,0.178057797869,24717
A634w9.50_BHBL,HSTM1,1268.0,2.0,0.0155470283496,0.181118444557,27724
A634w9.50_BHBLP,HSTM1,1268.0,2.5,0.0240963963834,0.185289971331,27716
A634w9.50_GShenFSU1.7,HSTM1,1268.0,3.0,0.0345161142967,0.190783945413,66162
A634w9.50_GShenFSU2.1,HSTM1,1268.0,3.5,0.0459499241019,0.19790854895,65917
A634w9.50_GShenNL3,HSTM1,1268.0,4.0,0.0590205244134,0.207194785485,66082
A634w9.50_HSDD2,HSTM1,1268.0,4.5,0.0720547944656,0.21945162077500002,27794
A634w9.50_HSFSG,HSTM1,1268.0,5.0,0.0854204509098,0.236117069949,27793
A634w9.50_HSIUF,HSTM1,1268.0,5.5,0.100242268001,0.260026857371,27793
A634w9.50_HSNL3,HSTM1,1268.0,6.0,0.116474894553,0.297600839354,27787
A634w9.50_HSTM1,HSTM1,1268.0,6.5,0.131382046577,0.368145160443,27782
A634w9.50_HSTMA,HSTM1,10000.0,0.5,0.0011086767213,0.17490808630500002,27800
A634w9.50_HShen,HSTM1,10000.0,1.0,0.00446894819593,0.176736386095,18749
A634w9.50_HShenH,HSTM1,10000.0,1.5,0.00979917414105,0.17989748826799998,18652
A634w9.50_LS180,HSTM1,10000.0,2.0,0.0169341322058,0.184636190967,73044
A634w9.50_LS220,HSTM1,10000.0,2.5,0.026094410887,0.191370291731,73347
A634w9.50_LS375,HSTM1,10000.0,3.0,0.0371193317824,0.200780326653,73064
A634w9.50_SFHo,HSTM1,10000.0,3.5,0.0487552945776,0.21413621466899999,27788
A634w9.50_SFHo_ecapture_0.1,HSTM1,10000.0,4.0,0.0627205382537,0.23413601359699998,29495
A634w9.50_SFHo_ecapture_1.0,HSTM1,10000.0,4.5,0.0751747143476,0.267553053391,28468
A634w9.50_SFHo_ecapture_10.0,HSTM1,10000.0,5.0,0.0883566863051,0.342378694311,25537
